{
  "profileId" : "quickstarts-spring.boot-webmvc",
  "abstractProfile" : false,
  "description" : "Shows how to use Spring Boot with WebMVC in the Java Container",
  "parentProfiles" : [ "containers-java.spring.boot" ],
  "bundles" : [ "fab:mvn:io.fabric8.quickstarts/springboot-webmvc/1.1.0.CR5" ],
  "minimumInstances" : 1,
  "rootDependency" : {
    "groupId" : "io.fabric8.quickstarts",
    "artifactId" : "springboot-webmvc",
    "version" : "1.1.0.CR5",
    "type" : "jar",
    "optional" : false,
    "children" : [ {
      "groupId" : "io.fabric8",
      "artifactId" : "process-spring-boot-container",
      "version" : "1.1.0.CR5",
      "type" : "jar",
      "scope" : "compile",
      "optional" : false,
      "children" : [ {
        "groupId" : "org.springframework.boot",
        "artifactId" : "spring-boot-starter",
        "version" : "1.1.3.RELEASE",
        "type" : "jar",
        "scope" : "compile",
        "optional" : false,
        "children" : [ {
          "groupId" : "org.springframework.boot",
          "artifactId" : "spring-boot",
          "version" : "1.1.3.RELEASE",
          "type" : "jar",
          "scope" : "compile",
          "optional" : false
        }, {
          "groupId" : "org.springframework.boot",
          "artifactId" : "spring-boot-autoconfigure",
          "version" : "1.1.3.RELEASE",
          "type" : "jar",
          "scope" : "compile",
          "optional" : false
        }, {
          "groupId" : "org.springframework.boot",
          "artifactId" : "spring-boot-starter-logging",
          "version" : "1.1.3.RELEASE",
          "type" : "jar",
          "scope" : "compile",
          "optional" : false,
          "children" : [ {
            "groupId" : "org.slf4j",
            "artifactId" : "jcl-over-slf4j",
            "version" : "1.7.7",
            "type" : "bundle",
            "scope" : "compile",
            "optional" : false
          }, {
            "groupId" : "org.slf4j",
            "artifactId" : "jul-to-slf4j",
            "version" : "1.7.7",
            "type" : "bundle",
            "scope" : "compile",
            "optional" : false
          }, {
            "groupId" : "org.slf4j",
            "artifactId" : "log4j-over-slf4j",
            "version" : "1.7.7",
            "type" : "bundle",
            "scope" : "compile",
            "optional" : false
          }, {
            "groupId" : "ch.qos.logback",
            "artifactId" : "logback-classic",
            "version" : "1.1.2",
            "type" : "bundle",
            "scope" : "compile",
            "optional" : false,
            "children" : [ {
              "groupId" : "ch.qos.logback",
              "artifactId" : "logback-core",
              "version" : "1.1.2",
              "type" : "bundle",
              "scope" : "compile",
              "optional" : false
            } ]
          } ]
        }, {
          "groupId" : "org.yaml",
          "artifactId" : "snakeyaml",
          "version" : "1.13",
          "type" : "bundle",
          "scope" : "runtime",
          "optional" : false
        } ]
      }, {
        "groupId" : "org.springframework.boot",
        "artifactId" : "spring-boot-starter-actuator",
        "version" : "1.1.3.RELEASE",
        "type" : "jar",
        "scope" : "compile",
        "optional" : false,
        "children" : [ {
          "groupId" : "org.springframework.boot",
          "artifactId" : "spring-boot-actuator",
          "version" : "1.1.3.RELEASE",
          "type" : "jar",
          "scope" : "compile",
          "optional" : false
        } ]
      } ]
    }, {
      "groupId" : "org.springframework.boot",
      "artifactId" : "spring-boot-starter-data-jpa",
      "version" : "1.1.3.RELEASE",
      "type" : "jar",
      "scope" : "compile",
      "optional" : false,
      "children" : [ {
        "groupId" : "org.springframework.boot",
        "artifactId" : "spring-boot-starter-aop",
        "version" : "1.1.3.RELEASE",
        "type" : "jar",
        "scope" : "compile",
        "optional" : false,
        "children" : [ {
          "groupId" : "org.springframework",
          "artifactId" : "spring-aop",
          "version" : "4.0.6.RELEASE",
          "type" : "jar",
          "scope" : "compile",
          "optional" : false,
          "children" : [ {
            "groupId" : "aopalliance",
            "artifactId" : "aopalliance",
            "version" : "1.0",
            "type" : "jar",
            "scope" : "compile",
            "optional" : false
          } ]
        }, {
          "groupId" : "org.aspectj",
          "artifactId" : "aspectjrt",
          "version" : "1.8.1",
          "type" : "jar",
          "scope" : "compile",
          "optional" : false
        }, {
          "groupId" : "org.aspectj",
          "artifactId" : "aspectjweaver",
          "version" : "1.8.1",
          "type" : "jar",
          "scope" : "compile",
          "optional" : false
        } ]
      }, {
        "groupId" : "org.springframework",
        "artifactId" : "spring-core",
        "version" : "4.0.6.RELEASE",
        "type" : "jar",
        "scope" : "compile",
        "optional" : false
      }, {
        "groupId" : "org.springframework.boot",
        "artifactId" : "spring-boot-starter-jdbc",
        "version" : "1.1.3.RELEASE",
        "type" : "jar",
        "scope" : "compile",
        "optional" : false,
        "children" : [ {
          "groupId" : "org.springframework",
          "artifactId" : "spring-jdbc",
          "version" : "4.0.6.RELEASE",
          "type" : "jar",
          "scope" : "compile",
          "optional" : false
        }, {
          "groupId" : "org.apache.tomcat",
          "artifactId" : "tomcat-jdbc",
          "version" : "7.0.54",
          "type" : "bundle",
          "scope" : "compile",
          "optional" : false,
          "children" : [ {
            "groupId" : "org.apache.tomcat",
            "artifactId" : "tomcat-juli",
            "version" : "7.0.54",
            "type" : "jar",
            "scope" : "compile",
            "optional" : false
          } ]
        }, {
          "groupId" : "org.springframework",
          "artifactId" : "spring-tx",
          "version" : "4.0.6.RELEASE",
          "type" : "jar",
          "scope" : "compile",
          "optional" : false
        } ]
      }, {
        "groupId" : "org.hibernate",
        "artifactId" : "hibernate-entitymanager",
        "version" : "4.3.5.Final",
        "type" : "bundle",
        "scope" : "compile",
        "optional" : false,
        "children" : [ {
          "groupId" : "org.jboss.logging",
          "artifactId" : "jboss-logging",
          "version" : "3.1.3.GA",
          "type" : "bundle",
          "scope" : "compile",
          "optional" : false
        }, {
          "groupId" : "org.jboss.logging",
          "artifactId" : "jboss-logging-annotations",
          "version" : "1.2.0.Beta1",
          "type" : "jar",
          "scope" : "compile",
          "optional" : false
        }, {
          "groupId" : "org.hibernate",
          "artifactId" : "hibernate-core",
          "version" : "4.3.5.Final",
          "type" : "bundle",
          "scope" : "compile",
          "optional" : false,
          "children" : [ {
            "groupId" : "antlr",
            "artifactId" : "antlr",
            "version" : "2.7.7",
            "type" : "jar",
            "scope" : "compile",
            "optional" : false
          }, {
            "groupId" : "org.jboss",
            "artifactId" : "jandex",
            "version" : "1.1.0.Final",
            "type" : "jar",
            "scope" : "compile",
            "optional" : false
          } ]
        }, {
          "groupId" : "dom4j",
          "artifactId" : "dom4j",
          "version" : "1.6.1",
          "type" : "jar",
          "scope" : "compile",
          "optional" : false,
          "children" : [ {
            "groupId" : "xml-apis",
            "artifactId" : "xml-apis",
            "version" : "1.0.b2",
            "type" : "jar",
            "scope" : "compile",
            "optional" : false
          } ]
        }, {
          "groupId" : "org.hibernate.common",
          "artifactId" : "hibernate-commons-annotations",
          "version" : "4.0.4.Final",
          "type" : "bundle",
          "scope" : "compile",
          "optional" : false
        }, {
          "groupId" : "org.hibernate.javax.persistence",
          "artifactId" : "hibernate-jpa-2.1-api",
          "version" : "1.0.0.Final",
          "type" : "bundle",
          "scope" : "compile",
          "optional" : false
        }, {
          "groupId" : "org.jboss.spec.javax.transaction",
          "artifactId" : "jboss-transaction-api_1.2_spec",
          "version" : "1.0.0.Final",
          "type" : "bundle",
          "scope" : "compile",
          "optional" : false
        }, {
          "groupId" : "org.javassist",
          "artifactId" : "javassist",
          "version" : "3.18.1-GA",
          "type" : "bundle",
          "scope" : "compile",
          "optional" : false
        } ]
      }, {
        "groupId" : "org.springframework",
        "artifactId" : "spring-orm",
        "version" : "4.0.6.RELEASE",
        "type" : "jar",
        "scope" : "compile",
        "optional" : false,
        "children" : [ {
          "groupId" : "org.springframework",
          "artifactId" : "spring-beans",
          "version" : "4.0.6.RELEASE",
          "type" : "jar",
          "scope" : "compile",
          "optional" : false
        } ]
      }, {
        "groupId" : "org.springframework.data",
        "artifactId" : "spring-data-jpa",
        "version" : "1.6.0.RELEASE",
        "type" : "bundle",
        "scope" : "compile",
        "optional" : false,
        "children" : [ {
          "groupId" : "org.springframework.data",
          "artifactId" : "spring-data-commons",
          "version" : "1.8.0.RELEASE",
          "type" : "bundle",
          "scope" : "compile",
          "optional" : false
        }, {
          "groupId" : "org.springframework",
          "artifactId" : "spring-context",
          "version" : "4.0.6.RELEASE",
          "type" : "jar",
          "scope" : "compile",
          "optional" : false
        } ]
      }, {
        "groupId" : "org.springframework",
        "artifactId" : "spring-aspects",
        "version" : "4.0.5.RELEASE",
        "type" : "jar",
        "scope" : "compile",
        "optional" : false
      } ]
    }, {
      "groupId" : "org.springframework.boot",
      "artifactId" : "spring-boot-starter-web",
      "version" : "1.1.3.RELEASE",
      "type" : "jar",
      "scope" : "compile",
      "optional" : false,
      "children" : [ {
        "groupId" : "org.springframework.boot",
        "artifactId" : "spring-boot-starter-tomcat",
        "version" : "1.1.3.RELEASE",
        "type" : "jar",
        "scope" : "compile",
        "optional" : false,
        "children" : [ {
          "groupId" : "org.apache.tomcat.embed",
          "artifactId" : "tomcat-embed-core",
          "version" : "7.0.54",
          "type" : "jar",
          "scope" : "compile",
          "optional" : false
        }, {
          "groupId" : "org.apache.tomcat.embed",
          "artifactId" : "tomcat-embed-el",
          "version" : "7.0.54",
          "type" : "jar",
          "scope" : "compile",
          "optional" : false
        }, {
          "groupId" : "org.apache.tomcat.embed",
          "artifactId" : "tomcat-embed-logging-juli",
          "version" : "7.0.54",
          "type" : "jar",
          "scope" : "compile",
          "optional" : false
        } ]
      }, {
        "groupId" : "com.fasterxml.jackson.core",
        "artifactId" : "jackson-databind",
        "version" : "2.3.3",
        "type" : "bundle",
        "scope" : "compile",
        "optional" : false,
        "children" : [ {
          "groupId" : "com.fasterxml.jackson.core",
          "artifactId" : "jackson-annotations",
          "version" : "2.3.3",
          "type" : "bundle",
          "scope" : "compile",
          "optional" : false
        }, {
          "groupId" : "com.fasterxml.jackson.core",
          "artifactId" : "jackson-core",
          "version" : "2.3.3",
          "type" : "bundle",
          "scope" : "compile",
          "optional" : false
        } ]
      }, {
        "groupId" : "org.hibernate",
        "artifactId" : "hibernate-validator",
        "version" : "5.0.3.Final",
        "type" : "bundle",
        "scope" : "compile",
        "optional" : false,
        "children" : [ {
          "groupId" : "javax.validation",
          "artifactId" : "validation-api",
          "version" : "1.1.0.Final",
          "type" : "bundle",
          "scope" : "compile",
          "optional" : false
        }, {
          "groupId" : "com.fasterxml",
          "artifactId" : "classmate",
          "version" : "1.0.0",
          "type" : "bundle",
          "scope" : "compile",
          "optional" : false
        } ]
      }, {
        "groupId" : "org.springframework",
        "artifactId" : "spring-web",
        "version" : "4.0.6.RELEASE",
        "type" : "jar",
        "scope" : "compile",
        "optional" : false
      }, {
        "groupId" : "org.springframework",
        "artifactId" : "spring-webmvc",
        "version" : "4.0.5.RELEASE",
        "type" : "jar",
        "scope" : "compile",
        "optional" : false,
        "children" : [ {
          "groupId" : "org.springframework",
          "artifactId" : "spring-expression",
          "version" : "4.0.5.RELEASE",
          "type" : "jar",
          "scope" : "compile",
          "optional" : false
        } ]
      } ]
    }, {
      "groupId" : "org.springframework.data",
      "artifactId" : "spring-data-rest-webmvc",
      "version" : "2.1.0.RELEASE",
      "type" : "jar",
      "scope" : "compile",
      "optional" : false,
      "children" : [ {
        "groupId" : "org.springframework.data",
        "artifactId" : "spring-data-rest-core",
        "version" : "2.1.0.RELEASE",
        "type" : "jar",
        "scope" : "compile",
        "optional" : false,
        "children" : [ {
          "groupId" : "org.springframework.hateoas",
          "artifactId" : "spring-hateoas",
          "version" : "0.12.0.RELEASE",
          "type" : "bundle",
          "scope" : "compile",
          "optional" : false,
          "children" : [ {
            "groupId" : "org.objenesis",
            "artifactId" : "objenesis",
            "version" : "1.0",
            "type" : "jar",
            "scope" : "compile",
            "optional" : false
          } ]
        }, {
          "groupId" : "org.springframework.plugin",
          "artifactId" : "spring-plugin-core",
          "version" : "1.1.0.RELEASE",
          "type" : "bundle",
          "scope" : "compile",
          "optional" : false
        }, {
          "groupId" : "org.atteo",
          "artifactId" : "evo-inflector",
          "version" : "1.1",
          "type" : "jar",
          "scope" : "compile",
          "optional" : false
        } ]
      }, {
        "groupId" : "org.slf4j",
        "artifactId" : "slf4j-api",
        "version" : "1.7.5",
        "type" : "bundle",
        "scope" : "compile",
        "optional" : false
      } ]
    }, {
      "groupId" : "com.h2database",
      "artifactId" : "h2",
      "version" : "1.3.176",
      "type" : "bundle",
      "scope" : "compile",
      "optional" : false
    } ]
  },
  "webContextPath" : "springboot-webmvc"
}