{
  "profileId" : "quickstarts-war-camel.servlet",
  "abstractProfile" : false,
  "description" : "Camel route using Servlet deployed as WAR",
  "parentProfiles" : [ "containers-tomcat" ],
  "bundles" : [ "war:mvn:io.fabric8.quickstarts/war-camel-servlet/1.1.0-SNAPSHOT/war" ],
  "minimumInstances" : 1,
  "rootDependency" : {
    "groupId" : "io.fabric8.quickstarts",
    "artifactId" : "war-camel-servlet",
    "version" : "1.1.0-SNAPSHOT",
    "type" : "war",
    "optional" : false
  },
  "webContextPath" : "camel-servlet",
  "useResolver" : true
}