{
  "profileId" : "quickstarts-java-cxf.cdi",
  "abstractProfile" : false,
  "description" : "Shows how to use CXF JAX-RS and CDI and Java Container",
  "parentProfiles" : [ "containers-java.pojosr" ],
  "bundles" : [ "fab:mvn:io.fabric8.quickstarts/java-cxf-cdi/1.1.0-SNAPSHOT" ],
  "minimumInstances" : 1,
  "rootDependency" : {
    "groupId" : "io.fabric8.quickstarts",
    "artifactId" : "java-cxf-cdi",
    "version" : "1.1.0-SNAPSHOT",
    "type" : "jar",
    "optional" : false,
    "children" : [ {
      "groupId" : "io.fabric8",
      "artifactId" : "fabric-cxf",
      "version" : "1.1.0-SNAPSHOT",
      "type" : "bundle",
      "scope" : "compile",
      "optional" : false,
      "children" : [ {
        "groupId" : "io.fabric8",
        "artifactId" : "fabric-zookeeper",
        "version" : "1.1.0-SNAPSHOT",
        "type" : "bundle",
        "scope" : "compile",
        "optional" : false,
        "children" : [ {
          "groupId" : "org.apache.felix",
          "artifactId" : "org.apache.felix.utils",
          "version" : "1.6.0",
          "type" : "jar",
          "scope" : "compile",
          "optional" : false,
          "children" : [ {
            "groupId" : "org.osgi",
            "artifactId" : "org.osgi.core",
            "version" : "5.0.0",
            "type" : "bundle",
            "scope" : "compile",
            "optional" : false
          } ]
        }, {
          "groupId" : "org.apache.curator",
          "artifactId" : "curator-framework",
          "version" : "2.6.0",
          "type" : "bundle",
          "scope" : "compile",
          "optional" : false,
          "children" : [ {
            "groupId" : "org.apache.curator",
            "artifactId" : "curator-client",
            "version" : "2.6.0",
            "type" : "bundle",
            "scope" : "compile",
            "optional" : false
          }, {
            "groupId" : "org.apache.zookeeper",
            "artifactId" : "zookeeper",
            "version" : "3.4.6",
            "type" : "bundle",
            "scope" : "compile",
            "optional" : false,
            "children" : [ {
              "groupId" : "jline",
              "artifactId" : "jline",
              "version" : "0.9.94",
              "type" : "jar",
              "scope" : "compile",
              "optional" : false
            }, {
              "groupId" : "io.netty",
              "artifactId" : "netty",
              "version" : "3.7.0.Final",
              "type" : "bundle",
              "scope" : "compile",
              "optional" : false
            } ]
          } ]
        }, {
          "groupId" : "org.apache.curator",
          "artifactId" : "curator-recipes",
          "version" : "2.6.0",
          "type" : "bundle",
          "scope" : "compile",
          "optional" : false
        }, {
          "groupId" : "com.google.guava",
          "artifactId" : "guava",
          "version" : "15.0",
          "type" : "bundle",
          "scope" : "compile",
          "optional" : false
        }, {
          "groupId" : "io.fabric8",
          "artifactId" : "fabric-api",
          "version" : "1.1.0-SNAPSHOT",
          "type" : "bundle",
          "scope" : "compile",
          "optional" : false,
          "children" : [ {
            "groupId" : "org.jboss.gravia",
            "artifactId" : "gravia-runtime-api",
            "version" : "1.1.0.Beta38",
            "type" : "bundle",
            "scope" : "compile",
            "optional" : false,
            "children" : [ {
              "groupId" : "org.jboss.gravia",
              "artifactId" : "gravia-resource",
              "version" : "1.1.0.Beta38",
              "type" : "bundle",
              "scope" : "compile",
              "optional" : false
            } ]
          } ]
        }, {
          "groupId" : "io.fabric8",
          "artifactId" : "fabric-utils",
          "version" : "1.1.0-SNAPSHOT",
          "type" : "jar",
          "scope" : "compile",
          "optional" : false,
          "children" : [ {
            "groupId" : "io.fabric8",
            "artifactId" : "common-util",
            "version" : "1.1.0-SNAPSHOT",
            "type" : "bundle",
            "scope" : "compile",
            "optional" : false
          }, {
            "groupId" : "org.apache.karaf.features",
            "artifactId" : "org.apache.karaf.features.core",
            "version" : "2.4.0.redhat-620004",
            "type" : "bundle",
            "scope" : "compile",
            "optional" : false,
            "children" : [ {
              "groupId" : "org.apache.karaf.shell",
              "artifactId" : "org.apache.karaf.shell.console",
              "version" : "2.4.0.redhat-620004",
              "type" : "bundle",
              "scope" : "compile",
              "optional" : false,
              "children" : [ {
                "groupId" : "org.fusesource.jansi",
                "artifactId" : "jansi",
                "version" : "1.11",
                "type" : "bundle",
                "scope" : "compile",
                "optional" : false
              }, {
                "groupId" : "org.jledit",
                "artifactId" : "core",
                "version" : "0.2.1",
                "type" : "bundle",
                "scope" : "compile",
                "optional" : false
              }, {
                "groupId" : "org.osgi",
                "artifactId" : "org.osgi.compendium",
                "version" : "4.3.1",
                "type" : "bundle",
                "scope" : "compile",
                "optional" : false
              }, {
                "groupId" : "org.apache.karaf.jaas",
                "artifactId" : "org.apache.karaf.jaas.boot",
                "version" : "2.4.0.redhat-620004",
                "type" : "bundle",
                "scope" : "compile",
                "optional" : false
              }, {
                "groupId" : "org.apache.karaf.jaas",
                "artifactId" : "org.apache.karaf.jaas.modules",
                "version" : "2.4.0.redhat-620004",
                "type" : "bundle",
                "scope" : "compile",
                "optional" : false,
                "children" : [ {
                  "groupId" : "org.apache.karaf.jaas",
                  "artifactId" : "org.apache.karaf.jaas.config",
                  "version" : "2.4.0.redhat-620004",
                  "type" : "bundle",
                  "scope" : "compile",
                  "optional" : false
                }, {
                  "groupId" : "org.apache.felix",
                  "artifactId" : "org.apache.felix.fileinstall",
                  "version" : "3.4.0",
                  "type" : "bundle",
                  "scope" : "compile",
                  "optional" : false
                } ]
              }, {
                "groupId" : "org.apache.karaf",
                "artifactId" : "org.apache.karaf.util",
                "version" : "2.4.0.redhat-620004",
                "type" : "jar",
                "scope" : "compile",
                "optional" : false
              }, {
                "groupId" : "org.apache.aries.blueprint",
                "artifactId" : "org.apache.aries.blueprint.core",
                "version" : "1.4.1",
                "type" : "bundle",
                "scope" : "compile",
                "optional" : false,
                "children" : [ {
                  "groupId" : "org.apache.aries.blueprint",
                  "artifactId" : "org.apache.aries.blueprint.api",
                  "version" : "1.0.1",
                  "type" : "bundle",
                  "scope" : "compile",
                  "optional" : false
                }, {
                  "groupId" : "org.apache.aries",
                  "artifactId" : "org.apache.aries.util",
                  "version" : "1.1.0",
                  "type" : "bundle",
                  "scope" : "compile",
                  "optional" : false
                }, {
                  "groupId" : "org.apache.aries.quiesce",
                  "artifactId" : "org.apache.aries.quiesce.api",
                  "version" : "1.0.0",
                  "type" : "bundle",
                  "scope" : "compile",
                  "optional" : false
                }, {
                  "groupId" : "org.apache.aries.proxy",
                  "artifactId" : "org.apache.aries.proxy.api",
                  "version" : "1.0.0",
                  "type" : "bundle",
                  "scope" : "compile",
                  "optional" : false
                } ]
              }, {
                "groupId" : "org.apache.felix",
                "artifactId" : "org.apache.felix.gogo.runtime",
                "version" : "0.12.1",
                "type" : "bundle",
                "scope" : "compile",
                "optional" : false
              }, {
                "groupId" : "org.apache.sshd",
                "artifactId" : "sshd-core",
                "version" : "0.11.0",
                "type" : "bundle",
                "scope" : "compile",
                "optional" : false,
                "children" : [ {
                  "groupId" : "org.apache.mina",
                  "artifactId" : "mina-core",
                  "version" : "2.0.7",
                  "type" : "bundle",
                  "scope" : "compile",
                  "optional" : false
                } ]
              } ]
            }, {
              "groupId" : "org.apache.karaf.shell",
              "artifactId" : "org.apache.karaf.shell.obr",
              "version" : "2.4.0.redhat-620004",
              "type" : "bundle",
              "scope" : "compile",
              "optional" : false
            } ]
          } ]
        }, {
          "groupId" : "commons-logging",
          "artifactId" : "commons-logging-api",
          "version" : "1.1",
          "type" : "jar",
          "scope" : "compile",
          "optional" : false
        }, {
          "groupId" : "com.fasterxml.jackson.core",
          "artifactId" : "jackson-core",
          "version" : "2.4.1",
          "type" : "bundle",
          "scope" : "compile",
          "optional" : false
        }, {
          "groupId" : "com.fasterxml.jackson.core",
          "artifactId" : "jackson-databind",
          "version" : "2.4.1",
          "type" : "bundle",
          "scope" : "compile",
          "optional" : false
        } ]
      }, {
        "groupId" : "io.fabric8",
        "artifactId" : "fabric-groups",
        "version" : "1.1.0-SNAPSHOT",
        "type" : "bundle",
        "scope" : "compile",
        "optional" : false,
        "children" : [ {
          "groupId" : "com.fasterxml.jackson.core",
          "artifactId" : "jackson-annotations",
          "version" : "2.4.1",
          "type" : "bundle",
          "scope" : "compile",
          "optional" : false
        } ]
      } ]
    }, {
      "groupId" : "org.apache.cxf",
      "artifactId" : "cxf-rt-rs-service-description",
      "version" : "3.0.0",
      "type" : "bundle",
      "scope" : "compile",
      "optional" : false
    }, {
      "groupId" : "org.apache.cxf",
      "artifactId" : "cxf-integration-cdi",
      "version" : "3.0.0",
      "type" : "jar",
      "scope" : "compile",
      "optional" : false,
      "children" : [ {
        "groupId" : "javax.enterprise",
        "artifactId" : "cdi-api",
        "version" : "1.1",
        "type" : "jar",
        "scope" : "compile",
        "optional" : false,
        "children" : [ {
          "groupId" : "javax.el",
          "artifactId" : "el-api",
          "version" : "2.2",
          "type" : "jar",
          "scope" : "compile",
          "optional" : false
        }, {
          "groupId" : "org.jboss.spec.javax.interceptor",
          "artifactId" : "jboss-interceptors-api_1.1_spec",
          "version" : "1.0.0.Beta1",
          "type" : "jar",
          "scope" : "compile",
          "optional" : false
        }, {
          "groupId" : "javax.annotation",
          "artifactId" : "jsr250-api",
          "version" : "1.0",
          "type" : "jar",
          "scope" : "compile",
          "optional" : false
        }, {
          "groupId" : "javax.inject",
          "artifactId" : "javax.inject",
          "version" : "1",
          "type" : "jar",
          "scope" : "compile",
          "optional" : false
        } ]
      }, {
        "groupId" : "org.apache.cxf",
        "artifactId" : "cxf-core",
        "version" : "3.0.0",
        "type" : "bundle",
        "scope" : "compile",
        "optional" : false,
        "children" : [ {
          "groupId" : "org.codehaus.woodstox",
          "artifactId" : "woodstox-core-asl",
          "version" : "4.3.0",
          "type" : "bundle",
          "scope" : "compile",
          "optional" : false,
          "children" : [ {
            "groupId" : "org.codehaus.woodstox",
            "artifactId" : "stax2-api",
            "version" : "3.1.4",
            "type" : "bundle",
            "scope" : "compile",
            "optional" : false
          } ]
        }, {
          "groupId" : "org.apache.ws.xmlschema",
          "artifactId" : "xmlschema-core",
          "version" : "2.1.0",
          "type" : "bundle",
          "scope" : "compile",
          "optional" : false
        } ]
      } ]
    }, {
      "groupId" : "org.apache.cxf",
      "artifactId" : "cxf-rt-frontend-jaxrs",
      "version" : "3.0.0",
      "type" : "bundle",
      "scope" : "compile",
      "optional" : false,
      "children" : [ {
        "groupId" : "javax.ws.rs",
        "artifactId" : "javax.ws.rs-api",
        "version" : "2.0",
        "type" : "bundle",
        "scope" : "compile",
        "optional" : false
      }, {
        "groupId" : "javax.annotation",
        "artifactId" : "javax.annotation-api",
        "version" : "1.2",
        "type" : "bundle",
        "scope" : "compile",
        "optional" : false
      }, {
        "groupId" : "org.apache.cxf",
        "artifactId" : "cxf-rt-transports-http",
        "version" : "3.0.0",
        "type" : "bundle",
        "scope" : "compile",
        "optional" : false
      } ]
    }, {
      "groupId" : "org.apache.cxf",
      "artifactId" : "cxf-rt-management",
      "version" : "3.0.0",
      "type" : "bundle",
      "scope" : "compile",
      "optional" : false
    }, {
      "groupId" : "org.jboss.weld.servlet",
      "artifactId" : "weld-servlet",
      "version" : "2.1.2.Final",
      "type" : "jar",
      "scope" : "compile",
      "optional" : false
    }, {
      "groupId" : "org.jboss.weld",
      "artifactId" : "weld-core",
      "version" : "2.1.2.Final",
      "type" : "jar",
      "scope" : "compile",
      "optional" : false,
      "children" : [ {
        "groupId" : "org.jboss.weld",
        "artifactId" : "weld-core-impl",
        "version" : "2.1.2.Final",
        "type" : "jar",
        "scope" : "compile",
        "optional" : false,
        "children" : [ {
          "groupId" : "org.jboss.weld",
          "artifactId" : "weld-api",
          "version" : "2.1.Final",
          "type" : "jar",
          "scope" : "compile",
          "optional" : false
        }, {
          "groupId" : "org.jboss.weld",
          "artifactId" : "weld-spi",
          "version" : "2.1.Final",
          "type" : "jar",
          "scope" : "compile",
          "optional" : false
        }, {
          "groupId" : "org.jboss.classfilewriter",
          "artifactId" : "jboss-classfilewriter",
          "version" : "1.0.4.Final",
          "type" : "jar",
          "scope" : "compile",
          "optional" : false
        }, {
          "groupId" : "org.jboss.spec.javax.annotation",
          "artifactId" : "jboss-annotations-api_1.2_spec",
          "version" : "1.0.0.Alpha1",
          "type" : "bundle",
          "scope" : "compile",
          "optional" : false
        }, {
          "groupId" : "org.jboss.spec.javax.el",
          "artifactId" : "jboss-el-api_3.0_spec",
          "version" : "1.0.0.Alpha1",
          "type" : "bundle",
          "scope" : "compile",
          "optional" : false
        }, {
          "groupId" : "org.jboss.spec.javax.interceptor",
          "artifactId" : "jboss-interceptors-api_1.2_spec",
          "version" : "1.0.0.Alpha3",
          "type" : "bundle",
          "scope" : "compile",
          "optional" : false
        }, {
          "groupId" : "org.jboss.logging",
          "artifactId" : "jboss-logging",
          "version" : "3.1.3.GA",
          "type" : "bundle",
          "scope" : "compile",
          "optional" : false
        } ]
      }, {
        "groupId" : "org.jboss.weld",
        "artifactId" : "weld-core-jsf",
        "version" : "2.1.2.Final",
        "type" : "jar",
        "scope" : "compile",
        "optional" : false
      } ]
    }, {
      "groupId" : "org.eclipse.jetty",
      "artifactId" : "jetty-server",
      "version" : "9.1.1.v20140108",
      "type" : "bundle",
      "scope" : "compile",
      "optional" : false,
      "children" : [ {
        "groupId" : "javax.servlet",
        "artifactId" : "javax.servlet-api",
        "version" : "3.0.1",
        "type" : "bundle",
        "scope" : "compile",
        "optional" : false
      } ]
    }, {
      "groupId" : "org.eclipse.jetty",
      "artifactId" : "jetty-servlet",
      "version" : "9.1.1.v20140108",
      "type" : "bundle",
      "scope" : "compile",
      "optional" : false,
      "children" : [ {
        "groupId" : "org.eclipse.jetty",
        "artifactId" : "jetty-security",
        "version" : "9.1.1.v20140108",
        "type" : "bundle",
        "scope" : "compile",
        "optional" : false
      } ]
    }, {
      "groupId" : "org.eclipse.jetty",
      "artifactId" : "jetty-jndi",
      "version" : "9.1.1.v20140108",
      "type" : "bundle",
      "scope" : "compile",
      "optional" : false
    }, {
      "groupId" : "org.eclipse.jetty",
      "artifactId" : "jetty-jsp",
      "version" : "9.1.1.v20140108",
      "type" : "jar",
      "scope" : "compile",
      "optional" : false,
      "children" : [ {
        "groupId" : "org.eclipse.jetty.toolchain",
        "artifactId" : "jetty-schemas",
        "version" : "3.1.M0",
        "type" : "bundle",
        "scope" : "compile",
        "optional" : false
      }, {
        "groupId" : "javax.servlet.jsp",
        "artifactId" : "javax.servlet.jsp-api",
        "version" : "2.3.1",
        "type" : "bundle",
        "scope" : "compile",
        "optional" : false
      }, {
        "groupId" : "org.glassfish.web",
        "artifactId" : "javax.servlet.jsp",
        "version" : "2.3.2",
        "type" : "bundle",
        "scope" : "compile",
        "optional" : false
      }, {
        "groupId" : "org.eclipse.jetty.orbit",
        "artifactId" : "javax.servlet.jsp.jstl",
        "version" : "1.2.0.v201105211821",
        "type" : "bundle",
        "scope" : "compile",
        "optional" : false
      }, {
        "groupId" : "org.eclipse.jetty.orbit",
        "artifactId" : "org.apache.taglibs.standard.glassfish",
        "version" : "1.2.0.v201112081803",
        "type" : "bundle",
        "scope" : "compile",
        "optional" : false
      }, {
        "groupId" : "org.glassfish",
        "artifactId" : "javax.el",
        "version" : "3.0.0",
        "type" : "bundle",
        "scope" : "compile",
        "optional" : false
      }, {
        "groupId" : "org.eclipse.jetty.orbit",
        "artifactId" : "org.eclipse.jdt.core",
        "version" : "3.8.2.v20130121",
        "type" : "jar",
        "scope" : "compile",
        "optional" : false
      } ]
    }, {
      "groupId" : "org.eclipse.jetty",
      "artifactId" : "jetty-http",
      "version" : "9.1.1.v20140108",
      "type" : "bundle",
      "scope" : "compile",
      "optional" : false
    }, {
      "groupId" : "org.eclipse.jetty",
      "artifactId" : "jetty-io",
      "version" : "9.1.1.v20140108",
      "type" : "bundle",
      "scope" : "compile",
      "optional" : false
    }, {
      "groupId" : "org.eclipse.jetty",
      "artifactId" : "jetty-util",
      "version" : "9.1.1.v20140108",
      "type" : "bundle",
      "scope" : "compile",
      "optional" : false
    }, {
      "groupId" : "org.apache.servicemix.specs",
      "artifactId" : "org.apache.servicemix.specs.jsr311-api-1.1.1",
      "version" : "2.4.0",
      "type" : "bundle",
      "scope" : "compile",
      "optional" : false
    }, {
      "groupId" : "commons-httpclient",
      "artifactId" : "commons-httpclient",
      "version" : "3.1",
      "type" : "jar",
      "scope" : "compile",
      "optional" : false,
      "children" : [ {
        "groupId" : "commons-logging",
        "artifactId" : "commons-logging",
        "version" : "1.0.4",
        "type" : "jar",
        "scope" : "compile",
        "optional" : false
      }, {
        "groupId" : "commons-codec",
        "artifactId" : "commons-codec",
        "version" : "1.6",
        "type" : "bundle",
        "scope" : "compile",
        "optional" : false
      } ]
    }, {
      "groupId" : "org.jboss.weld.se",
      "artifactId" : "weld-se",
      "version" : "2.1.2.Final",
      "type" : "jar",
      "scope" : "compile",
      "optional" : false
    }, {
      "groupId" : "org.slf4j",
      "artifactId" : "slf4j-api",
      "version" : "1.7.5",
      "type" : "bundle",
      "scope" : "compile",
      "optional" : false
    }, {
      "groupId" : "org.slf4j",
      "artifactId" : "slf4j-log4j12",
      "version" : "1.7.5",
      "type" : "bundle",
      "scope" : "compile",
      "optional" : false,
      "children" : [ {
        "groupId" : "log4j",
        "artifactId" : "log4j",
        "version" : "1.2.17",
        "type" : "bundle",
        "scope" : "compile",
        "optional" : false
      } ]
    }, {
      "groupId" : "com.wordnik",
      "artifactId" : "swagger-jaxrs_2.10",
      "version" : "1.3.0",
      "type" : "jar",
      "scope" : "compile",
      "optional" : true,
      "children" : [ {
        "groupId" : "org.scala-lang",
        "artifactId" : "scala-library",
        "version" : "2.10.0",
        "type" : "bundle",
        "scope" : "compile",
        "optional" : false
      }, {
        "groupId" : "com.wordnik",
        "artifactId" : "swagger-core_2.10",
        "version" : "1.3.0",
        "type" : "jar",
        "scope" : "compile",
        "optional" : false,
        "children" : [ {
          "groupId" : "commons-lang",
          "artifactId" : "commons-lang",
          "version" : "2.6",
          "type" : "bundle",
          "scope" : "compile",
          "optional" : false
        }, {
          "groupId" : "com.fasterxml.jackson.module",
          "artifactId" : "jackson-module-scala_2.10",
          "version" : "2.1.5",
          "type" : "jar",
          "scope" : "compile",
          "optional" : false,
          "children" : [ {
            "groupId" : "com.thoughtworks.paranamer",
            "artifactId" : "paranamer",
            "version" : "2.3",
            "type" : "jar",
            "scope" : "compile",
            "optional" : false
          }, {
            "groupId" : "org.scala-lang",
            "artifactId" : "scala-reflect",
            "version" : "2.10.0",
            "type" : "bundle",
            "scope" : "compile",
            "optional" : false
          } ]
        }, {
          "groupId" : "com.fasterxml.jackson.module",
          "artifactId" : "jackson-module-jsonSchema",
          "version" : "2.1.0",
          "type" : "jar",
          "scope" : "compile",
          "optional" : false
        }, {
          "groupId" : "com.fasterxml.jackson.jaxrs",
          "artifactId" : "jackson-jaxrs-json-provider",
          "version" : "2.4.1",
          "type" : "bundle",
          "scope" : "compile",
          "optional" : false,
          "children" : [ {
            "groupId" : "com.fasterxml.jackson.jaxrs",
            "artifactId" : "jackson-jaxrs-base",
            "version" : "2.4.1",
            "type" : "bundle",
            "scope" : "compile",
            "optional" : false
          }, {
            "groupId" : "com.fasterxml.jackson.module",
            "artifactId" : "jackson-module-jaxb-annotations",
            "version" : "2.4.1",
            "type" : "bundle",
            "scope" : "compile",
            "optional" : false
          } ]
        }, {
          "groupId" : "com.wordnik",
          "artifactId" : "swagger-annotations_2.10",
          "version" : "1.3.0",
          "type" : "jar",
          "scope" : "compile",
          "optional" : false
        }, {
          "groupId" : "org.json4s",
          "artifactId" : "json4s-ext_2.10",
          "version" : "3.2.4",
          "type" : "jar",
          "scope" : "compile",
          "optional" : false,
          "children" : [ {
            "groupId" : "joda-time",
            "artifactId" : "joda-time",
            "version" : "2.1",
            "type" : "bundle",
            "scope" : "compile",
            "optional" : false
          }, {
            "groupId" : "org.joda",
            "artifactId" : "joda-convert",
            "version" : "1.2",
            "type" : "bundle",
            "scope" : "compile",
            "optional" : false
          } ]
        }, {
          "groupId" : "org.json4s",
          "artifactId" : "json4s-native_2.10",
          "version" : "3.2.4",
          "type" : "jar",
          "scope" : "compile",
          "optional" : false,
          "children" : [ {
            "groupId" : "org.json4s",
            "artifactId" : "json4s-core_2.10",
            "version" : "3.2.4",
            "type" : "jar",
            "scope" : "compile",
            "optional" : false,
            "children" : [ {
              "groupId" : "org.json4s",
              "artifactId" : "json4s-ast_2.10",
              "version" : "3.2.4",
              "type" : "jar",
              "scope" : "compile",
              "optional" : false
            }, {
              "groupId" : "org.scala-lang",
              "artifactId" : "scalap",
              "version" : "2.10.0",
              "type" : "jar",
              "scope" : "compile",
              "optional" : false,
              "children" : [ {
                "groupId" : "org.scala-lang",
                "artifactId" : "scala-compiler",
                "version" : "2.10.0",
                "type" : "bundle",
                "scope" : "compile",
                "optional" : false
              } ]
            } ]
          } ]
        }, {
          "groupId" : "org.json4s",
          "artifactId" : "json4s-jackson_2.10",
          "version" : "3.2.4",
          "type" : "jar",
          "scope" : "compile",
          "optional" : false
        } ]
      }, {
        "groupId" : "javax.ws.rs",
        "artifactId" : "jsr311-api",
        "version" : "1.1.1",
        "type" : "bundle",
        "scope" : "compile",
        "optional" : false
      }, {
        "groupId" : "org.reflections",
        "artifactId" : "reflections",
        "version" : "0.9.8",
        "type" : "jar",
        "scope" : "compile",
        "optional" : false,
        "children" : [ {
          "groupId" : "javassist",
          "artifactId" : "javassist",
          "version" : "3.12.1.GA",
          "type" : "jar",
          "scope" : "compile",
          "optional" : false
        }, {
          "groupId" : "dom4j",
          "artifactId" : "dom4j",
          "version" : "1.6.1",
          "type" : "jar",
          "scope" : "compile",
          "optional" : false,
          "children" : [ {
            "groupId" : "xml-apis",
            "artifactId" : "xml-apis",
            "version" : "1.0.b2",
            "type" : "jar",
            "scope" : "compile",
            "optional" : false
          } ]
        } ]
      } ]
    }, {
      "groupId" : "javax.validation",
      "artifactId" : "validation-api",
      "version" : "1.1.0.Final",
      "type" : "bundle",
      "scope" : "compile",
      "optional" : false
    } ]
  },
  "webContextPath" : "java-cxf-cdi",
  "useResolver" : true
}