{
  "profileId" : "quickstarts-java-camel.cdi",
  "abstractProfile" : false,
  "description" : "Shows how to use Camel and CDI and Java Container",
  "parentProfiles" : [ "containers-java.weld" ],
  "bundles" : [ "fab:mvn:io.fabric8.quickstarts/java-camel-cdi/1.1.0-SNAPSHOT" ],
  "minimumInstances" : 1,
  "rootDependency" : {
    "groupId" : "io.fabric8.quickstarts",
    "artifactId" : "java-camel-cdi",
    "version" : "1.1.0-SNAPSHOT",
    "type" : "jar",
    "optional" : false,
    "children" : [ {
      "groupId" : "org.apache.camel",
      "artifactId" : "camel-cdi",
      "version" : "2.13.2",
      "type" : "bundle",
      "scope" : "compile",
      "optional" : false,
      "children" : [ {
        "groupId" : "org.apache.camel",
        "artifactId" : "camel-core",
        "version" : "2.13.2",
        "type" : "bundle",
        "scope" : "compile",
        "optional" : false
      }, {
        "groupId" : "org.apache.deltaspike.core",
        "artifactId" : "deltaspike-core-api",
        "version" : "0.7",
        "type" : "bundle",
        "scope" : "compile",
        "optional" : false
      }, {
        "groupId" : "org.apache.deltaspike.core",
        "artifactId" : "deltaspike-core-impl",
        "version" : "0.7",
        "type" : "bundle",
        "scope" : "compile",
        "optional" : false
      }, {
        "groupId" : "org.apache.deltaspike.cdictrl",
        "artifactId" : "deltaspike-cdictrl-api",
        "version" : "0.7",
        "type" : "jar",
        "scope" : "compile",
        "optional" : false
      }, {
        "groupId" : "com.sun.xml.bind",
        "artifactId" : "jaxb-impl",
        "version" : "2.2.6",
        "type" : "jar",
        "scope" : "compile",
        "optional" : false
      } ]
    }, {
      "groupId" : "org.jboss.weld.se",
      "artifactId" : "weld-se",
      "version" : "2.1.2.Final",
      "type" : "jar",
      "scope" : "compile",
      "optional" : false
    }, {
      "groupId" : "org.slf4j",
      "artifactId" : "slf4j-log4j12",
      "version" : "1.7.5",
      "type" : "bundle",
      "scope" : "compile",
      "optional" : false,
      "children" : [ {
        "groupId" : "org.slf4j",
        "artifactId" : "slf4j-api",
        "version" : "1.7.5",
        "type" : "bundle",
        "scope" : "compile",
        "optional" : false
      }, {
        "groupId" : "log4j",
        "artifactId" : "log4j",
        "version" : "1.2.17",
        "type" : "bundle",
        "scope" : "compile",
        "optional" : false
      } ]
    } ]
  },
  "webContextPath" : "java-camel-cdi",
  "useResolver" : true
}