{
  "profileId" : "quickstarts-spring.boot-camel",
  "abstractProfile" : false,
  "description" : "Shows how to use Camel with Spring Boot in the Java Container",
  "parentProfiles" : [ "containers-java.spring.boot" ],
  "bundles" : [ "fab:mvn:io.fabric8.quickstarts/springboot-camel/1.1.0.CR5" ],
  "minimumInstances" : 1,
  "rootDependency" : {
    "groupId" : "io.fabric8.quickstarts",
    "artifactId" : "springboot-camel",
    "version" : "1.1.0.CR5",
    "type" : "jar",
    "optional" : false,
    "children" : [ {
      "groupId" : "org.apache.camel",
      "artifactId" : "camel-spring",
      "version" : "2.13.2",
      "type" : "bundle",
      "scope" : "compile",
      "optional" : false,
      "children" : [ {
        "groupId" : "org.apache.camel",
        "artifactId" : "camel-core",
        "version" : "2.13.2",
        "type" : "bundle",
        "scope" : "compile",
        "optional" : false,
        "children" : [ {
          "groupId" : "org.slf4j",
          "artifactId" : "slf4j-api",
          "version" : "1.7.5",
          "type" : "bundle",
          "scope" : "compile",
          "optional" : false
        } ]
      }, {
        "groupId" : "org.springframework",
        "artifactId" : "spring-aop",
        "version" : "4.0.6.RELEASE",
        "type" : "jar",
        "scope" : "compile",
        "optional" : false,
        "children" : [ {
          "groupId" : "aopalliance",
          "artifactId" : "aopalliance",
          "version" : "1.0",
          "type" : "jar",
          "scope" : "compile",
          "optional" : false
        } ]
      }, {
        "groupId" : "org.springframework",
        "artifactId" : "spring-tx",
        "version" : "4.0.6.RELEASE",
        "type" : "jar",
        "scope" : "compile",
        "optional" : false
      }, {
        "groupId" : "com.sun.xml.bind",
        "artifactId" : "jaxb-impl",
        "version" : "2.2.6",
        "type" : "jar",
        "scope" : "compile",
        "optional" : false
      } ]
    }, {
      "groupId" : "org.springframework",
      "artifactId" : "spring-context",
      "version" : "4.0.6.RELEASE",
      "type" : "jar",
      "scope" : "compile",
      "optional" : false,
      "children" : [ {
        "groupId" : "org.springframework",
        "artifactId" : "spring-beans",
        "version" : "4.0.6.RELEASE",
        "type" : "jar",
        "scope" : "compile",
        "optional" : false
      }, {
        "groupId" : "org.springframework",
        "artifactId" : "spring-core",
        "version" : "4.0.6.RELEASE",
        "type" : "jar",
        "scope" : "compile",
        "optional" : false,
        "children" : [ {
          "groupId" : "commons-logging",
          "artifactId" : "commons-logging",
          "version" : "1.1.3",
          "type" : "bundle",
          "scope" : "compile",
          "optional" : false
        } ]
      }, {
        "groupId" : "org.springframework",
        "artifactId" : "spring-expression",
        "version" : "4.0.6.RELEASE",
        "type" : "jar",
        "scope" : "compile",
        "optional" : false
      } ]
    }, {
      "groupId" : "io.fabric8",
      "artifactId" : "process-spring-boot-container",
      "version" : "1.1.0.CR5",
      "type" : "jar",
      "scope" : "compile",
      "optional" : false,
      "children" : [ {
        "groupId" : "org.springframework.boot",
        "artifactId" : "spring-boot-starter",
        "version" : "1.1.3.RELEASE",
        "type" : "jar",
        "scope" : "compile",
        "optional" : false,
        "children" : [ {
          "groupId" : "org.springframework.boot",
          "artifactId" : "spring-boot",
          "version" : "1.1.3.RELEASE",
          "type" : "jar",
          "scope" : "compile",
          "optional" : false
        }, {
          "groupId" : "org.springframework.boot",
          "artifactId" : "spring-boot-autoconfigure",
          "version" : "1.1.3.RELEASE",
          "type" : "jar",
          "scope" : "compile",
          "optional" : false
        }, {
          "groupId" : "org.springframework.boot",
          "artifactId" : "spring-boot-starter-logging",
          "version" : "1.1.3.RELEASE",
          "type" : "jar",
          "scope" : "compile",
          "optional" : false,
          "children" : [ {
            "groupId" : "org.slf4j",
            "artifactId" : "jcl-over-slf4j",
            "version" : "1.7.7",
            "type" : "bundle",
            "scope" : "compile",
            "optional" : false
          }, {
            "groupId" : "org.slf4j",
            "artifactId" : "jul-to-slf4j",
            "version" : "1.7.7",
            "type" : "bundle",
            "scope" : "compile",
            "optional" : false
          }, {
            "groupId" : "org.slf4j",
            "artifactId" : "log4j-over-slf4j",
            "version" : "1.7.7",
            "type" : "bundle",
            "scope" : "compile",
            "optional" : false
          }, {
            "groupId" : "ch.qos.logback",
            "artifactId" : "logback-classic",
            "version" : "1.1.2",
            "type" : "bundle",
            "scope" : "compile",
            "optional" : false,
            "children" : [ {
              "groupId" : "ch.qos.logback",
              "artifactId" : "logback-core",
              "version" : "1.1.2",
              "type" : "bundle",
              "scope" : "compile",
              "optional" : false
            } ]
          } ]
        }, {
          "groupId" : "org.yaml",
          "artifactId" : "snakeyaml",
          "version" : "1.13",
          "type" : "bundle",
          "scope" : "runtime",
          "optional" : false
        } ]
      }, {
        "groupId" : "org.springframework.boot",
        "artifactId" : "spring-boot-starter-actuator",
        "version" : "1.1.3.RELEASE",
        "type" : "jar",
        "scope" : "compile",
        "optional" : false,
        "children" : [ {
          "groupId" : "org.springframework.boot",
          "artifactId" : "spring-boot-actuator",
          "version" : "1.1.3.RELEASE",
          "type" : "jar",
          "scope" : "compile",
          "optional" : false,
          "children" : [ {
            "groupId" : "com.fasterxml.jackson.core",
            "artifactId" : "jackson-databind",
            "version" : "2.3.3",
            "type" : "bundle",
            "scope" : "compile",
            "optional" : false,
            "children" : [ {
              "groupId" : "com.fasterxml.jackson.core",
              "artifactId" : "jackson-annotations",
              "version" : "2.3.3",
              "type" : "bundle",
              "scope" : "compile",
              "optional" : false
            }, {
              "groupId" : "com.fasterxml.jackson.core",
              "artifactId" : "jackson-core",
              "version" : "2.3.3",
              "type" : "bundle",
              "scope" : "compile",
              "optional" : false
            } ]
          } ]
        } ]
      } ]
    }, {
      "groupId" : "io.fabric8",
      "artifactId" : "process-spring-boot-starter-camel",
      "version" : "1.1.0.CR5",
      "type" : "jar",
      "scope" : "compile",
      "optional" : false
    } ]
  },
  "webContextPath" : "springboot-camel"
}