{
  "profileId" : "quickstarts-karaf-cxf-secure.soap",
  "abstractProfile" : false,
  "description" : "Secure SOAP example using JAXWS with WS-Security",
  "parentProfiles" : [ "feature-cxf" ],
  "features" : [ "fabric-cxf" ],
  "bundles" : [ "mvn:io.fabric8.quickstarts/karaf-cxf-secure-soap/1.1.0-SNAPSHOT" ],
  "minimumInstances" : 1,
  "rootDependency" : {
    "groupId" : "io.fabric8.quickstarts",
    "artifactId" : "karaf-cxf-secure-soap",
    "version" : "1.1.0-SNAPSHOT",
    "type" : "bundle",
    "optional" : false,
    "children" : [ {
      "groupId" : "org.apache.cxf",
      "artifactId" : "cxf-bundle",
      "version" : "2.7.11",
      "type" : "bundle",
      "scope" : "compile",
      "optional" : false,
      "children" : [ {
        "groupId" : "org.apache.velocity",
        "artifactId" : "velocity",
        "version" : "1.7",
        "type" : "bundle",
        "scope" : "compile",
        "optional" : false
      }, {
        "groupId" : "commons-collections",
        "artifactId" : "commons-collections",
        "version" : "3.2.1",
        "type" : "bundle",
        "scope" : "compile",
        "optional" : false
      }, {
        "groupId" : "wsdl4j",
        "artifactId" : "wsdl4j",
        "version" : "1.6.3",
        "type" : "jar",
        "scope" : "compile",
        "optional" : false
      }, {
        "groupId" : "com.sun.xml.bind",
        "artifactId" : "jaxb-xjc",
        "version" : "2.1.13",
        "type" : "jar",
        "scope" : "compile",
        "optional" : false
      }, {
        "groupId" : "com.sun.xml.bind",
        "artifactId" : "jaxb-impl",
        "version" : "2.1.13",
        "type" : "jar",
        "scope" : "compile",
        "optional" : false
      }, {
        "groupId" : "org.apache.ws.xmlschema",
        "artifactId" : "xmlschema-core",
        "version" : "2.1.0",
        "type" : "bundle",
        "scope" : "compile",
        "optional" : false
      }, {
        "groupId" : "antlr",
        "artifactId" : "antlr",
        "version" : "2.7.7",
        "type" : "jar",
        "scope" : "compile",
        "optional" : false
      }, {
        "groupId" : "org.apache.xmlbeans",
        "artifactId" : "xmlbeans",
        "version" : "2.6.0",
        "type" : "jar",
        "scope" : "compile",
        "optional" : false
      }, {
        "groupId" : "xml-resolver",
        "artifactId" : "xml-resolver",
        "version" : "1.2",
        "type" : "jar",
        "scope" : "compile",
        "optional" : false
      }, {
        "groupId" : "org.apache.geronimo.specs",
        "artifactId" : "geronimo-jaxws_2.2_spec",
        "version" : "1.1",
        "type" : "bundle",
        "scope" : "compile",
        "optional" : false
      }, {
        "groupId" : "org.codehaus.woodstox",
        "artifactId" : "woodstox-core-asl",
        "version" : "4.2.1",
        "type" : "bundle",
        "scope" : "compile",
        "optional" : false
      }, {
        "groupId" : "org.codehaus.woodstox",
        "artifactId" : "stax2-api",
        "version" : "3.1.4",
        "type" : "bundle",
        "scope" : "compile",
        "optional" : false
      }, {
        "groupId" : "org.apache.geronimo.specs",
        "artifactId" : "geronimo-javamail_1.4_spec",
        "version" : "1.7.1",
        "type" : "bundle",
        "scope" : "compile",
        "optional" : false
      }, {
        "groupId" : "org.eclipse.jetty",
        "artifactId" : "jetty-server",
        "version" : "8.1.14.v20131031",
        "type" : "bundle",
        "scope" : "compile",
        "optional" : false
      }, {
        "groupId" : "org.eclipse.jetty",
        "artifactId" : "jetty-continuation",
        "version" : "8.1.14.v20131031",
        "type" : "bundle",
        "scope" : "compile",
        "optional" : false
      }, {
        "groupId" : "org.eclipse.jetty",
        "artifactId" : "jetty-http",
        "version" : "8.1.14.v20131031",
        "type" : "bundle",
        "scope" : "compile",
        "optional" : false
      }, {
        "groupId" : "org.eclipse.jetty",
        "artifactId" : "jetty-io",
        "version" : "8.1.14.v20131031",
        "type" : "bundle",
        "scope" : "compile",
        "optional" : false
      }, {
        "groupId" : "org.eclipse.jetty",
        "artifactId" : "jetty-util",
        "version" : "8.1.14.v20131031",
        "type" : "bundle",
        "scope" : "compile",
        "optional" : false
      }, {
        "groupId" : "org.eclipse.jetty",
        "artifactId" : "jetty-security",
        "version" : "8.1.14.v20131031",
        "type" : "bundle",
        "scope" : "compile",
        "optional" : false
      }, {
        "groupId" : "org.apache.geronimo.specs",
        "artifactId" : "geronimo-servlet_3.0_spec",
        "version" : "1.0",
        "type" : "bundle",
        "scope" : "compile",
        "optional" : false
      }, {
        "groupId" : "org.apache.geronimo.specs",
        "artifactId" : "geronimo-jms_1.1_spec",
        "version" : "1.1.1",
        "type" : "bundle",
        "scope" : "compile",
        "optional" : false
      }, {
        "groupId" : "org.springframework",
        "artifactId" : "spring-jms",
        "version" : "3.2.9.RELEASE",
        "type" : "jar",
        "scope" : "compile",
        "optional" : false
      }, {
        "groupId" : "aopalliance",
        "artifactId" : "aopalliance",
        "version" : "1.0",
        "type" : "jar",
        "scope" : "compile",
        "optional" : false
      }, {
        "groupId" : "org.springframework",
        "artifactId" : "spring-aop",
        "version" : "3.2.9.RELEASE",
        "type" : "jar",
        "scope" : "compile",
        "optional" : false
      }, {
        "groupId" : "org.springframework",
        "artifactId" : "spring-beans",
        "version" : "3.2.9.RELEASE",
        "type" : "jar",
        "scope" : "compile",
        "optional" : false
      }, {
        "groupId" : "org.springframework",
        "artifactId" : "spring-core",
        "version" : "3.2.9.RELEASE",
        "type" : "jar",
        "scope" : "compile",
        "optional" : false
      }, {
        "groupId" : "org.springframework",
        "artifactId" : "spring-context",
        "version" : "3.2.9.RELEASE",
        "type" : "jar",
        "scope" : "compile",
        "optional" : false
      }, {
        "groupId" : "org.springframework",
        "artifactId" : "spring-expression",
        "version" : "3.0.7.RELEASE",
        "type" : "bundle",
        "scope" : "compile",
        "optional" : false
      }, {
        "groupId" : "org.springframework",
        "artifactId" : "spring-asm",
        "version" : "3.0.7.RELEASE",
        "type" : "bundle",
        "scope" : "compile",
        "optional" : false
      }, {
        "groupId" : "org.springframework",
        "artifactId" : "spring-tx",
        "version" : "3.2.9.RELEASE",
        "type" : "jar",
        "scope" : "compile",
        "optional" : false
      }, {
        "groupId" : "commons-lang",
        "artifactId" : "commons-lang",
        "version" : "2.6",
        "type" : "bundle",
        "scope" : "compile",
        "optional" : false
      }, {
        "groupId" : "org.apache.httpcomponents",
        "artifactId" : "httpcore-nio",
        "version" : "4.2.4",
        "type" : "jar",
        "scope" : "compile",
        "optional" : false
      }, {
        "groupId" : "org.apache.httpcomponents",
        "artifactId" : "httpcore",
        "version" : "4.2.4",
        "type" : "jar",
        "scope" : "compile",
        "optional" : false
      }, {
        "groupId" : "org.apache.httpcomponents",
        "artifactId" : "httpasyncclient",
        "version" : "4.0-beta3",
        "type" : "jar",
        "scope" : "compile",
        "optional" : false
      }, {
        "groupId" : "org.apache.httpcomponents",
        "artifactId" : "httpclient",
        "version" : "4.2.5",
        "type" : "jar",
        "scope" : "compile",
        "optional" : false
      }, {
        "groupId" : "commons-codec",
        "artifactId" : "commons-codec",
        "version" : "1.6",
        "type" : "bundle",
        "scope" : "compile",
        "optional" : false
      }, {
        "groupId" : "org.apache.mina",
        "artifactId" : "mina-core",
        "version" : "2.0.7",
        "type" : "bundle",
        "scope" : "compile",
        "optional" : false
      }, {
        "groupId" : "asm",
        "artifactId" : "asm",
        "version" : "3.3.1",
        "type" : "jar",
        "scope" : "compile",
        "optional" : false
      }, {
        "groupId" : "rhino",
        "artifactId" : "js",
        "version" : "1.7R2",
        "type" : "jar",
        "scope" : "compile",
        "optional" : false
      }, {
        "groupId" : "javax.ws.rs",
        "artifactId" : "javax.ws.rs-api",
        "version" : "2.0-m10",
        "type" : "bundle",
        "scope" : "compile",
        "optional" : false
      }, {
        "groupId" : "net.oauth.core",
        "artifactId" : "oauth-provider",
        "version" : "20100527",
        "type" : "jar",
        "scope" : "compile",
        "optional" : false
      }, {
        "groupId" : "net.oauth.core",
        "artifactId" : "oauth",
        "version" : "20100527",
        "type" : "jar",
        "scope" : "compile",
        "optional" : false
      }, {
        "groupId" : "net.sf.ehcache",
        "artifactId" : "ehcache-core",
        "version" : "2.5.1",
        "type" : "jar",
        "scope" : "compile",
        "optional" : false
      }, {
        "groupId" : "org.apache.ws.security",
        "artifactId" : "wss4j",
        "version" : "1.6.15",
        "type" : "bundle",
        "scope" : "compile",
        "optional" : false
      }, {
        "groupId" : "org.apache.santuario",
        "artifactId" : "xmlsec",
        "version" : "1.5.6",
        "type" : "bundle",
        "scope" : "compile",
        "optional" : false
      }, {
        "groupId" : "org.opensaml",
        "artifactId" : "opensaml",
        "version" : "2.6.1",
        "type" : "jar",
        "scope" : "compile",
        "optional" : false
      }, {
        "groupId" : "org.opensaml",
        "artifactId" : "openws",
        "version" : "1.5.1",
        "type" : "jar",
        "scope" : "compile",
        "optional" : false
      }, {
        "groupId" : "org.opensaml",
        "artifactId" : "xmltooling",
        "version" : "1.4.1",
        "type" : "jar",
        "scope" : "compile",
        "optional" : false
      }, {
        "groupId" : "joda-time",
        "artifactId" : "joda-time",
        "version" : "2.2",
        "type" : "bundle",
        "scope" : "compile",
        "optional" : false
      }, {
        "groupId" : "xalan",
        "artifactId" : "serializer",
        "version" : "2.7.1",
        "type" : "jar",
        "scope" : "runtime",
        "optional" : false
      }, {
        "groupId" : "commons-logging",
        "artifactId" : "commons-logging",
        "version" : "1.1.1",
        "type" : "jar",
        "scope" : "compile",
        "optional" : false
      }, {
        "groupId" : "org.apache.neethi",
        "artifactId" : "neethi",
        "version" : "3.0.3",
        "type" : "bundle",
        "scope" : "compile",
        "optional" : false
      } ]
    }, {
      "groupId" : "org.slf4j",
      "artifactId" : "slf4j-api",
      "version" : "1.7.5",
      "type" : "bundle",
      "scope" : "compile",
      "optional" : false
    } ]
  },
  "webContextPath" : "karaf-cxf-secure-soap",
  "useResolver" : true
}