{
  "profileId" : "quickstarts-spring.boot-activemq",
  "abstractProfile" : false,
  "description" : "Shows how to use ActiveMQ with Spring Boot in the Java Container",
  "parentProfiles" : [ "containers-java.spring.boot" ],
  "bundles" : [ "fab:mvn:io.fabric8.quickstarts/springboot-activemq/1.1.0.CR5" ],
  "minimumInstances" : 1,
  "rootDependency" : {
    "groupId" : "io.fabric8.quickstarts",
    "artifactId" : "springboot-activemq",
    "version" : "1.1.0.CR5",
    "type" : "jar",
    "optional" : false,
    "children" : [ {
      "groupId" : "org.apache.activemq",
      "artifactId" : "activemq-client",
      "version" : "5.10.0",
      "type" : "jar",
      "scope" : "compile",
      "optional" : false,
      "children" : [ {
        "groupId" : "org.slf4j",
        "artifactId" : "slf4j-api",
        "version" : "1.7.5",
        "type" : "bundle",
        "scope" : "compile",
        "optional" : false
      }, {
        "groupId" : "org.apache.geronimo.specs",
        "artifactId" : "geronimo-jms_1.1_spec",
        "version" : "1.1.1",
        "type" : "bundle",
        "scope" : "compile",
        "optional" : false
      }, {
        "groupId" : "org.fusesource.hawtbuf",
        "artifactId" : "hawtbuf",
        "version" : "1.10",
        "type" : "bundle",
        "scope" : "compile",
        "optional" : false
      }, {
        "groupId" : "org.apache.geronimo.specs",
        "artifactId" : "geronimo-j2ee-management_1.1_spec",
        "version" : "1.0.1",
        "type" : "bundle",
        "scope" : "compile",
        "optional" : false
      } ]
    }, {
      "groupId" : "org.apache.activemq",
      "artifactId" : "activemq-jms-pool",
      "version" : "5.10.0",
      "type" : "jar",
      "scope" : "compile",
      "optional" : false,
      "children" : [ {
        "groupId" : "org.apache.geronimo.specs",
        "artifactId" : "geronimo-jta_1.0.1B_spec",
        "version" : "1.0.1",
        "type" : "jar",
        "scope" : "compile",
        "optional" : false
      }, {
        "groupId" : "commons-pool",
        "artifactId" : "commons-pool",
        "version" : "1.6",
        "type" : "bundle",
        "scope" : "compile",
        "optional" : false
      } ]
    }, {
      "groupId" : "org.springframework",
      "artifactId" : "spring-context",
      "version" : "4.0.6.RELEASE",
      "type" : "jar",
      "scope" : "compile",
      "optional" : false,
      "children" : [ {
        "groupId" : "org.springframework",
        "artifactId" : "spring-aop",
        "version" : "4.0.6.RELEASE",
        "type" : "jar",
        "scope" : "compile",
        "optional" : false,
        "children" : [ {
          "groupId" : "aopalliance",
          "artifactId" : "aopalliance",
          "version" : "1.0",
          "type" : "jar",
          "scope" : "compile",
          "optional" : false
        } ]
      }, {
        "groupId" : "org.springframework",
        "artifactId" : "spring-beans",
        "version" : "4.0.6.RELEASE",
        "type" : "jar",
        "scope" : "compile",
        "optional" : false
      }, {
        "groupId" : "org.springframework",
        "artifactId" : "spring-core",
        "version" : "4.0.6.RELEASE",
        "type" : "jar",
        "scope" : "compile",
        "optional" : false,
        "children" : [ {
          "groupId" : "commons-logging",
          "artifactId" : "commons-logging",
          "version" : "1.1.3",
          "type" : "bundle",
          "scope" : "compile",
          "optional" : false
        } ]
      }, {
        "groupId" : "org.springframework",
        "artifactId" : "spring-expression",
        "version" : "4.0.6.RELEASE",
        "type" : "jar",
        "scope" : "compile",
        "optional" : false
      } ]
    }, {
      "groupId" : "org.springframework",
      "artifactId" : "spring-jms",
      "version" : "4.0.6.RELEASE",
      "type" : "jar",
      "scope" : "compile",
      "optional" : false,
      "children" : [ {
        "groupId" : "org.springframework",
        "artifactId" : "spring-tx",
        "version" : "4.0.6.RELEASE",
        "type" : "jar",
        "scope" : "compile",
        "optional" : false
      } ]
    }, {
      "groupId" : "org.springframework.boot",
      "artifactId" : "spring-boot-starter",
      "version" : "1.1.4.RELEASE",
      "type" : "jar",
      "scope" : "compile",
      "optional" : false,
      "children" : [ {
        "groupId" : "org.springframework.boot",
        "artifactId" : "spring-boot",
        "version" : "1.1.4.RELEASE",
        "type" : "jar",
        "scope" : "compile",
        "optional" : false
      }, {
        "groupId" : "org.springframework.boot",
        "artifactId" : "spring-boot-autoconfigure",
        "version" : "1.1.4.RELEASE",
        "type" : "jar",
        "scope" : "compile",
        "optional" : false
      }, {
        "groupId" : "org.springframework.boot",
        "artifactId" : "spring-boot-starter-logging",
        "version" : "1.1.4.RELEASE",
        "type" : "jar",
        "scope" : "compile",
        "optional" : false,
        "children" : [ {
          "groupId" : "org.slf4j",
          "artifactId" : "jcl-over-slf4j",
          "version" : "1.7.7",
          "type" : "bundle",
          "scope" : "compile",
          "optional" : false
        }, {
          "groupId" : "org.slf4j",
          "artifactId" : "jul-to-slf4j",
          "version" : "1.7.7",
          "type" : "bundle",
          "scope" : "compile",
          "optional" : false
        }, {
          "groupId" : "org.slf4j",
          "artifactId" : "log4j-over-slf4j",
          "version" : "1.7.7",
          "type" : "bundle",
          "scope" : "compile",
          "optional" : false
        }, {
          "groupId" : "ch.qos.logback",
          "artifactId" : "logback-classic",
          "version" : "1.1.2",
          "type" : "bundle",
          "scope" : "compile",
          "optional" : false,
          "children" : [ {
            "groupId" : "ch.qos.logback",
            "artifactId" : "logback-core",
            "version" : "1.1.2",
            "type" : "bundle",
            "scope" : "compile",
            "optional" : false
          } ]
        } ]
      }, {
        "groupId" : "org.yaml",
        "artifactId" : "snakeyaml",
        "version" : "1.13",
        "type" : "bundle",
        "scope" : "runtime",
        "optional" : false
      } ]
    }, {
      "groupId" : "io.fabric8",
      "artifactId" : "process-spring-boot-container",
      "version" : "1.1.0.CR5",
      "type" : "jar",
      "scope" : "compile",
      "optional" : false,
      "children" : [ {
        "groupId" : "org.springframework.boot",
        "artifactId" : "spring-boot-starter-actuator",
        "version" : "1.1.3.RELEASE",
        "type" : "jar",
        "scope" : "compile",
        "optional" : false,
        "children" : [ {
          "groupId" : "org.springframework.boot",
          "artifactId" : "spring-boot-actuator",
          "version" : "1.1.3.RELEASE",
          "type" : "jar",
          "scope" : "compile",
          "optional" : false
        } ]
      } ]
    }, {
      "groupId" : "io.fabric8",
      "artifactId" : "process-spring-boot-starter-activemq",
      "version" : "1.1.0.CR5",
      "type" : "jar",
      "scope" : "compile",
      "optional" : false
    }, {
      "groupId" : "org.apache.activemq",
      "artifactId" : "activemq-broker",
      "version" : "5.10.0",
      "type" : "jar",
      "scope" : "compile",
      "optional" : false,
      "children" : [ {
        "groupId" : "org.apache.activemq",
        "artifactId" : "activemq-openwire-legacy",
        "version" : "5.10.0",
        "type" : "jar",
        "scope" : "compile",
        "optional" : false
      } ]
    }, {
      "groupId" : "junit",
      "artifactId" : "junit",
      "version" : "4.11",
      "type" : "jar",
      "scope" : "compile",
      "optional" : true,
      "children" : [ {
        "groupId" : "org.hamcrest",
        "artifactId" : "hamcrest-core",
        "version" : "1.3",
        "type" : "jar",
        "scope" : "compile",
        "optional" : false
      } ]
    }, {
      "groupId" : "io.fabric8.mq",
      "artifactId" : "mq-fabric",
      "version" : "1.1.0.CR5",
      "type" : "bundle",
      "scope" : "compile",
      "optional" : true,
      "children" : [ {
        "groupId" : "org.apache.activemq",
        "artifactId" : "activemq-spring",
        "version" : "5.10.0",
        "type" : "jar",
        "scope" : "compile",
        "optional" : false,
        "children" : [ {
          "groupId" : "org.apache.xbean",
          "artifactId" : "xbean-spring",
          "version" : "3.16",
          "type" : "bundle",
          "scope" : "compile",
          "optional" : false
        }, {
          "groupId" : "org.apache.activemq",
          "artifactId" : "activemq-pool",
          "version" : "5.10.0",
          "type" : "jar",
          "scope" : "compile",
          "optional" : false
        } ]
      }, {
        "groupId" : "org.osgi",
        "artifactId" : "org.osgi.compendium",
        "version" : "4.3.1",
        "type" : "bundle",
        "scope" : "compile",
        "optional" : false
      }, {
        "groupId" : "io.fabric8",
        "artifactId" : "fabric-zookeeper",
        "version" : "1.1.0.CR5",
        "type" : "bundle",
        "scope" : "compile",
        "optional" : false,
        "children" : [ {
          "groupId" : "org.apache.felix",
          "artifactId" : "org.apache.felix.utils",
          "version" : "1.2.1.redhat-610379",
          "type" : "jar",
          "scope" : "compile",
          "optional" : false,
          "children" : [ {
            "groupId" : "org.osgi",
            "artifactId" : "org.osgi.core",
            "version" : "5.0.0",
            "type" : "bundle",
            "scope" : "compile",
            "optional" : false
          } ]
        }, {
          "groupId" : "org.apache.curator",
          "artifactId" : "curator-framework",
          "version" : "2.6.0",
          "type" : "bundle",
          "scope" : "compile",
          "optional" : false,
          "children" : [ {
            "groupId" : "org.apache.curator",
            "artifactId" : "curator-client",
            "version" : "2.6.0",
            "type" : "bundle",
            "scope" : "compile",
            "optional" : false
          }, {
            "groupId" : "org.apache.zookeeper",
            "artifactId" : "zookeeper",
            "version" : "3.4.6",
            "type" : "bundle",
            "scope" : "compile",
            "optional" : false,
            "children" : [ {
              "groupId" : "log4j",
              "artifactId" : "log4j",
              "version" : "1.2.17",
              "type" : "bundle",
              "scope" : "compile",
              "optional" : false
            }, {
              "groupId" : "jline",
              "artifactId" : "jline",
              "version" : "0.9.94",
              "type" : "jar",
              "scope" : "compile",
              "optional" : false
            }, {
              "groupId" : "io.netty",
              "artifactId" : "netty",
              "version" : "3.7.0.Final",
              "type" : "bundle",
              "scope" : "compile",
              "optional" : false
            } ]
          } ]
        }, {
          "groupId" : "org.apache.curator",
          "artifactId" : "curator-recipes",
          "version" : "2.6.0",
          "type" : "bundle",
          "scope" : "compile",
          "optional" : false
        }, {
          "groupId" : "com.google.guava",
          "artifactId" : "guava",
          "version" : "15.0",
          "type" : "bundle",
          "scope" : "compile",
          "optional" : false
        }, {
          "groupId" : "io.fabric8",
          "artifactId" : "fabric-utils",
          "version" : "1.1.0.CR5",
          "type" : "jar",
          "scope" : "compile",
          "optional" : false,
          "children" : [ {
            "groupId" : "org.apache.karaf.features",
            "artifactId" : "org.apache.karaf.features.core",
            "version" : "2.3.0.redhat-610379",
            "type" : "bundle",
            "scope" : "compile",
            "optional" : false,
            "children" : [ {
              "groupId" : "org.apache.karaf.shell",
              "artifactId" : "org.apache.karaf.shell.console",
              "version" : "2.3.0.redhat-610379",
              "type" : "bundle",
              "scope" : "compile",
              "optional" : false,
              "children" : [ {
                "groupId" : "org.fusesource.jansi",
                "artifactId" : "jansi",
                "version" : "1.11",
                "type" : "bundle",
                "scope" : "compile",
                "optional" : false
              }, {
                "groupId" : "org.jledit",
                "artifactId" : "core",
                "version" : "0.2.1",
                "type" : "bundle",
                "scope" : "compile",
                "optional" : false
              }, {
                "groupId" : "org.apache.karaf.jaas",
                "artifactId" : "org.apache.karaf.jaas.boot",
                "version" : "2.3.0.redhat-610379",
                "type" : "bundle",
                "scope" : "compile",
                "optional" : false
              }, {
                "groupId" : "org.apache.karaf.jaas",
                "artifactId" : "org.apache.karaf.jaas.modules",
                "version" : "2.3.0.redhat-610379",
                "type" : "bundle",
                "scope" : "compile",
                "optional" : false,
                "children" : [ {
                  "groupId" : "org.apache.karaf.jaas",
                  "artifactId" : "org.apache.karaf.jaas.config",
                  "version" : "2.3.0.redhat-610379",
                  "type" : "bundle",
                  "scope" : "compile",
                  "optional" : false
                }, {
                  "groupId" : "org.apache.felix",
                  "artifactId" : "org.apache.felix.fileinstall",
                  "version" : "3.3.11.redhat-610379",
                  "type" : "bundle",
                  "scope" : "compile",
                  "optional" : false
                } ]
              }, {
                "groupId" : "org.apache.karaf",
                "artifactId" : "org.apache.karaf.util",
                "version" : "2.3.0.redhat-610379",
                "type" : "jar",
                "scope" : "compile",
                "optional" : false
              }, {
                "groupId" : "org.apache.aries.blueprint",
                "artifactId" : "org.apache.aries.blueprint.core",
                "version" : "1.4.0",
                "type" : "bundle",
                "scope" : "compile",
                "optional" : false,
                "children" : [ {
                  "groupId" : "org.apache.aries.blueprint",
                  "artifactId" : "org.apache.aries.blueprint.api",
                  "version" : "1.0.0",
                  "type" : "bundle",
                  "scope" : "compile",
                  "optional" : false
                }, {
                  "groupId" : "org.apache.aries",
                  "artifactId" : "org.apache.aries.util",
                  "version" : "1.1.0",
                  "type" : "bundle",
                  "scope" : "compile",
                  "optional" : false
                }, {
                  "groupId" : "org.apache.aries.quiesce",
                  "artifactId" : "org.apache.aries.quiesce.api",
                  "version" : "1.0.0",
                  "type" : "bundle",
                  "scope" : "compile",
                  "optional" : false
                }, {
                  "groupId" : "org.apache.aries.proxy",
                  "artifactId" : "org.apache.aries.proxy.api",
                  "version" : "1.0.0",
                  "type" : "bundle",
                  "scope" : "compile",
                  "optional" : false
                } ]
              }, {
                "groupId" : "org.apache.felix",
                "artifactId" : "org.apache.felix.gogo.runtime",
                "version" : "0.11.0.redhat-610379",
                "type" : "bundle",
                "scope" : "compile",
                "optional" : false
              }, {
                "groupId" : "org.apache.sshd",
                "artifactId" : "sshd-core",
                "version" : "0.9.0",
                "type" : "bundle",
                "scope" : "compile",
                "optional" : false,
                "children" : [ {
                  "groupId" : "org.apache.mina",
                  "artifactId" : "mina-core",
                  "version" : "2.0.7",
                  "type" : "bundle",
                  "scope" : "compile",
                  "optional" : false
                } ]
              } ]
            }, {
              "groupId" : "org.apache.karaf.shell",
              "artifactId" : "org.apache.karaf.shell.obr",
              "version" : "2.3.0.redhat-610379",
              "type" : "bundle",
              "scope" : "compile",
              "optional" : false
            } ]
          } ]
        }, {
          "groupId" : "commons-logging",
          "artifactId" : "commons-logging-api",
          "version" : "1.1",
          "type" : "jar",
          "scope" : "compile",
          "optional" : false
        }, {
          "groupId" : "com.fasterxml.jackson.core",
          "artifactId" : "jackson-core",
          "version" : "2.3.3",
          "type" : "bundle",
          "scope" : "compile",
          "optional" : false
        }, {
          "groupId" : "com.fasterxml.jackson.core",
          "artifactId" : "jackson-databind",
          "version" : "2.3.3",
          "type" : "bundle",
          "scope" : "compile",
          "optional" : false
        } ]
      }, {
        "groupId" : "io.fabric8",
        "artifactId" : "fabric-api",
        "version" : "1.1.0.CR5",
        "type" : "bundle",
        "scope" : "compile",
        "optional" : false,
        "children" : [ {
          "groupId" : "org.jboss.gravia",
          "artifactId" : "gravia-runtime-api",
          "version" : "1.1.0.Beta37",
          "type" : "bundle",
          "scope" : "compile",
          "optional" : false,
          "children" : [ {
            "groupId" : "org.jboss.gravia",
            "artifactId" : "gravia-resource",
            "version" : "1.1.0.Beta37",
            "type" : "bundle",
            "scope" : "compile",
            "optional" : false
          } ]
        } ]
      }, {
        "groupId" : "io.fabric8",
        "artifactId" : "fabric-groups",
        "version" : "1.1.0.CR5",
        "type" : "bundle",
        "scope" : "compile",
        "optional" : false,
        "children" : [ {
          "groupId" : "com.fasterxml.jackson.core",
          "artifactId" : "jackson-annotations",
          "version" : "2.3.3",
          "type" : "bundle",
          "scope" : "compile",
          "optional" : false
        } ]
      }, {
        "groupId" : "io.fabric8",
        "artifactId" : "common-util",
        "version" : "1.1.0.CR5",
        "type" : "bundle",
        "scope" : "compile",
        "optional" : false
      }, {
        "groupId" : "org.apache.xbean",
        "artifactId" : "xbean-classloader",
        "version" : "3.16",
        "type" : "bundle",
        "scope" : "compile",
        "optional" : false
      } ]
    } ]
  },
  "webContextPath" : "springboot-activemq"
}