{
  "profileId" : "quickstarts-karaf-beginner-camel.log",
  "abstractProfile" : false,
  "description" : "Camel Log Example",
  "parentProfiles" : [ "feature-camel" ],
  "bundles" : [ "mvn:io.fabric8.quickstarts/karaf-beginner-camel-log/1.1.0-SNAPSHOT" ],
  "minimumInstances" : 1,
  "rootDependency" : {
    "groupId" : "io.fabric8.quickstarts",
    "artifactId" : "karaf-beginner-camel-log",
    "version" : "1.1.0-SNAPSHOT",
    "type" : "bundle",
    "optional" : false,
    "children" : [ {
      "groupId" : "org.apache.camel",
      "artifactId" : "camel-blueprint",
      "version" : "2.13.2",
      "type" : "bundle",
      "scope" : "compile",
      "optional" : false,
      "children" : [ {
        "groupId" : "org.apache.camel",
        "artifactId" : "camel-core",
        "version" : "2.13.2",
        "type" : "bundle",
        "scope" : "compile",
        "optional" : false,
        "children" : [ {
          "groupId" : "org.slf4j",
          "artifactId" : "slf4j-api",
          "version" : "1.7.5",
          "type" : "bundle",
          "scope" : "compile",
          "optional" : false
        } ]
      }, {
        "groupId" : "org.apache.camel",
        "artifactId" : "camel-core-xml",
        "version" : "2.13.2",
        "type" : "jar",
        "scope" : "compile",
        "optional" : false
      }, {
        "groupId" : "org.apache.camel",
        "artifactId" : "camel-core-osgi",
        "version" : "2.13.2",
        "type" : "bundle",
        "scope" : "compile",
        "optional" : false
      }, {
        "groupId" : "com.sun.xml.bind",
        "artifactId" : "jaxb-impl",
        "version" : "2.2.6",
        "type" : "jar",
        "scope" : "compile",
        "optional" : false
      } ]
    } ]
  },
  "webContextPath" : "karaf-beginner-camel-log",
  "useResolver" : true
}