<?xml version="1.0" encoding="UTF-8"?>
<!--

     Copyright 2005-2014 Red Hat, Inc.

     Red Hat licenses this file to you under the Apache License, version
     2.0 (the "License"); you may not use this file except in compliance
     with the License.  You may obtain a copy of the License at

        http://www.apache.org/licenses/LICENSE-2.0

     Unless required by applicable law or agreed to in writing, software
     distributed under the License is distributed on an "AS IS" BASIS,
     WITHOUT WARRANTIES OR CONDITIONS OF ANY KIND, either express or
     implied.  See the License for the specific language governing
     permissions and limitations under the License.

-->
<orders xmlns="http://fabric8.com/examples/order/v7">
    <order id="2012_0001">

        <customer id="A0001">
            <name>Antwerp Zoo</name>
            <city>Antwerp</city>
            <country>BE</country>
        </customer>

        <date>2012-03-01</date>

        <orderlines>
            <orderline>
                <article id="A0001">
                    <description>Aardvark</description>
                </article>
                <quantity>1</quantity>
            </orderline>
            <orderline>
                <article id="A0011">
                    <description>Alpaca</description>
                </article>
                <quantity>10</quantity>
            </orderline>
        </orderlines>
    </order>
    <order id="2012_0002">

        <customer id="B0002">
            <name>Bristol Zoo Gardens</name>
            <city>Bristol</city>
            <country>UK</country>
        </customer>

        <date>2012-03-02</date>

        <orderlines>
            <orderline>
                <article id="B0002">
                    <description>Badger</description>
                </article>
                <quantity>2</quantity>
            </orderline>
            <orderline>
                <article id="B0202">
                    <description>Bee</description>
                </article>
                <quantity>200</quantity>
            </orderline>
        </orderlines>
    </order>
    <order id="2012_0003">

        <customer id="C0003">
            <name>Columbus Zoo and Aquarium</name>
            <city>Columbus</city>
            <country>US</country>
        </customer>

        <date>2012-03-03</date>

        <orderlines>
            <orderline>
                <article id="C0003">
                    <description>Camel</description>
                </article>
                <!-- we all love Camels, don't we ;) ? -->
                <quantity>100</quantity>
            </orderline>
            <orderline>
                <article id="C0333">
                    <description>Crocodile</description>
                </article>
                <quantity>1</quantity>
            </orderline>
        </orderlines>
    </order>
    <order id="2012_0004">

        <customer id="D0004">
            <name>Dartmoor Zoological Park</name>
            <city>Devon</city>
            <country>UK</country>
        </customer>

        <date>2012-03-04</date>

        <orderlines>
            <orderline>
                <article id="D0040">
                    <description>Dinosaur</description>
                </article>
                <quantity>4</quantity>
            </orderline>
            <orderline>
                <article id="D0400">
                    <description>Dragonfly</description>
                </article>
                <quantity>40</quantity>
            </orderline>
        </orderlines>
    </order>
    <order id="2012_0005">

        <customer id="E0005">
            <name>Erie Zoo</name>
            <city>Erie</city>
            <country>US</country>
        </customer>

        <date>2012-03-05</date>

        <orderlines>
            <orderline>
                <article id="E0500">
                    <description>Elk</description>
                </article>
                <quantity>50</quantity>
            </orderline>
            <orderline>
                <article id="E0005">
                    <description>Elephant</description>
                </article>
                <quantity>5</quantity>
            </orderline>
        </orderlines>
    </order>
    <order id="2012_0020">

        <customer id="T0020">
            <name>Taronga Zoo</name>
            <city>Sydney</city>
            <country>AU</country>
        </customer>

        <date>2012-03-20</date>

        <orderlines>
            <orderline>
                <article id="T0020">
                    <description>Tarantula</description>
                </article>
                <quantity>20</quantity>
            </orderline>
            <orderline>
                <article id="T2020">
                    <description>Toad</description>
                </article>
                <quantity>20</quantity>
            </orderline>
        </orderlines>
    </order>
</orders>
