{
  "profileId" : "quickstarts-karaf-cxf-soap",
  "abstractProfile" : false,
  "description" : "SOAP example using JAXWS",
  "parentProfiles" : [ "feature-cxf" ],
  "features" : [ "fabric-cxf" ],
  "bundles" : [ "mvn:io.fabric8.quickstarts/karaf-cxf-soap/1.1.0.CR5" ],
  "minimumInstances" : 1,
  "rootDependency" : {
    "groupId" : "io.fabric8.quickstarts",
    "artifactId" : "karaf-cxf-soap",
    "version" : "1.1.0.CR5",
    "type" : "bundle",
    "optional" : false,
    "children" : [ {
      "groupId" : "org.apache.geronimo.specs",
      "artifactId" : "geronimo-ws-metadata_2.0_spec",
      "version" : "1.1.3",
      "type" : "bundle",
      "scope" : "compile",
      "optional" : false
    }, {
      "groupId" : "org.slf4j",
      "artifactId" : "slf4j-api",
      "version" : "1.7.5",
      "type" : "bundle",
      "scope" : "compile",
      "optional" : false
    }, {
      "groupId" : "junit",
      "artifactId" : "junit",
      "version" : "4.11",
      "type" : "jar",
      "scope" : "compile",
      "optional" : false,
      "children" : [ {
        "groupId" : "org.hamcrest",
        "artifactId" : "hamcrest-core",
        "version" : "1.3",
        "type" : "jar",
        "scope" : "compile",
        "optional" : false
      } ]
    }, {
      "groupId" : "org.slf4j",
      "artifactId" : "slf4j-log4j12",
      "version" : "1.7.5",
      "type" : "bundle",
      "scope" : "compile",
      "optional" : false,
      "children" : [ {
        "groupId" : "log4j",
        "artifactId" : "log4j",
        "version" : "1.2.17",
        "type" : "bundle",
        "scope" : "compile",
        "optional" : false
      } ]
    } ]
  },
  "webContextPath" : "karaf-cxf-soap"
}