{
  "profileId" : "quickstarts-java-camel.spring",
  "abstractProfile" : false,
  "description" : "Shows how to use Camel and CDI in a WAR",
  "parentProfiles" : [ "containers-java.camel.spring" ],
  "bundles" : [ "fab:mvn:io.fabric8.quickstarts/java-camel-spring/1.1.0-SNAPSHOT" ],
  "minimumInstances" : 1,
  "rootDependency" : {
    "groupId" : "io.fabric8.quickstarts",
    "artifactId" : "java-camel-spring",
    "version" : "1.1.0-SNAPSHOT",
    "type" : "jar",
    "optional" : false,
    "children" : [ {
      "groupId" : "org.apache.camel",
      "artifactId" : "camel-core",
      "version" : "2.13.2",
      "type" : "bundle",
      "scope" : "compile",
      "optional" : false,
      "children" : [ {
        "groupId" : "com.sun.xml.bind",
        "artifactId" : "jaxb-impl",
        "version" : "2.2.6",
        "type" : "jar",
        "scope" : "compile",
        "optional" : false
      } ]
    }, {
      "groupId" : "org.apache.camel",
      "artifactId" : "camel-spring",
      "version" : "2.13.2",
      "type" : "bundle",
      "scope" : "compile",
      "optional" : false,
      "children" : [ {
        "groupId" : "org.springframework",
        "artifactId" : "spring-context",
        "version" : "3.2.9.RELEASE",
        "type" : "jar",
        "scope" : "compile",
        "optional" : false,
        "children" : [ {
          "groupId" : "org.springframework",
          "artifactId" : "spring-beans",
          "version" : "3.2.9.RELEASE",
          "type" : "jar",
          "scope" : "compile",
          "optional" : false
        }, {
          "groupId" : "org.springframework",
          "artifactId" : "spring-core",
          "version" : "3.2.9.RELEASE",
          "type" : "jar",
          "scope" : "compile",
          "optional" : false,
          "children" : [ {
            "groupId" : "commons-logging",
            "artifactId" : "commons-logging",
            "version" : "1.1.3",
            "type" : "bundle",
            "scope" : "compile",
            "optional" : false
          } ]
        }, {
          "groupId" : "org.springframework",
          "artifactId" : "spring-expression",
          "version" : "3.2.9.RELEASE",
          "type" : "jar",
          "scope" : "compile",
          "optional" : false
        } ]
      }, {
        "groupId" : "org.springframework",
        "artifactId" : "spring-aop",
        "version" : "3.2.9.RELEASE",
        "type" : "jar",
        "scope" : "compile",
        "optional" : false,
        "children" : [ {
          "groupId" : "aopalliance",
          "artifactId" : "aopalliance",
          "version" : "1.0",
          "type" : "jar",
          "scope" : "compile",
          "optional" : false
        } ]
      }, {
        "groupId" : "org.springframework",
        "artifactId" : "spring-tx",
        "version" : "3.2.9.RELEASE",
        "type" : "jar",
        "scope" : "compile",
        "optional" : false
      } ]
    }, {
      "groupId" : "org.slf4j",
      "artifactId" : "slf4j-api",
      "version" : "1.7.5",
      "type" : "bundle",
      "scope" : "compile",
      "optional" : false
    }, {
      "groupId" : "org.slf4j",
      "artifactId" : "slf4j-log4j12",
      "version" : "1.7.5",
      "type" : "bundle",
      "scope" : "compile",
      "optional" : false
    }, {
      "groupId" : "log4j",
      "artifactId" : "log4j",
      "version" : "1.2.17",
      "type" : "bundle",
      "scope" : "compile",
      "optional" : false
    } ]
  },
  "webContextPath" : "java-camel-spring",
  "useResolver" : true
}