{
  "profileId" : "quickstarts-war-rest",
  "abstractProfile" : false,
  "description" : "RESTful WebService Example using JAX-RS in a WAR",
  "parentProfiles" : [ "containers-tomcat" ],
  "bundles" : [ "war:mvn:io.fabric8.quickstarts/war-rest/1.1.0-SNAPSHOT/war" ],
  "minimumInstances" : 1,
  "rootDependency" : {
    "groupId" : "io.fabric8.quickstarts",
    "artifactId" : "war-rest",
    "version" : "1.1.0-SNAPSHOT",
    "type" : "war",
    "optional" : false
  },
  "webContextPath" : "rest",
  "useResolver" : true
}