{
  "profileId" : "quickstarts-karaf-cxf-secure.rest",
  "abstractProfile" : false,
  "description" : "Secure Restful Web Services Example using JAX-RS Basic Authentication with Fabric8",
  "parentProfiles" : [ "feature-cxf" ],
  "features" : [ "cxf-jaxrs", "swagger" ],
  "bundles" : [ "mvn:io.fabric8.quickstarts/karaf-cxf-secure-rest/1.1.0.CR5" ],
  "minimumInstances" : 1,
  "rootDependency" : {
    "groupId" : "io.fabric8.quickstarts",
    "artifactId" : "karaf-cxf-secure-rest",
    "version" : "1.1.0.CR5",
    "type" : "bundle",
    "optional" : false,
    "children" : [ {
      "groupId" : "org.apache.servicemix.specs",
      "artifactId" : "org.apache.servicemix.specs.jsr311-api-1.1.1",
      "version" : "2.4.0",
      "type" : "bundle",
      "scope" : "compile",
      "optional" : false
    }, {
      "groupId" : "commons-httpclient",
      "artifactId" : "commons-httpclient",
      "version" : "3.1",
      "type" : "jar",
      "scope" : "compile",
      "optional" : false,
      "children" : [ {
        "groupId" : "commons-logging",
        "artifactId" : "commons-logging",
        "version" : "1.0.4",
        "type" : "jar",
        "scope" : "compile",
        "optional" : false
      }, {
        "groupId" : "commons-codec",
        "artifactId" : "commons-codec",
        "version" : "1.6",
        "type" : "bundle",
        "scope" : "compile",
        "optional" : false
      } ]
    }, {
      "groupId" : "org.slf4j",
      "artifactId" : "slf4j-api",
      "version" : "1.7.5",
      "type" : "bundle",
      "scope" : "compile",
      "optional" : false
    }, {
      "groupId" : "com.wordnik",
      "artifactId" : "swagger-jaxrs_2.10",
      "version" : "1.3.0",
      "type" : "jar",
      "scope" : "compile",
      "optional" : true,
      "children" : [ {
        "groupId" : "org.scala-lang",
        "artifactId" : "scala-library",
        "version" : "2.10.0",
        "type" : "bundle",
        "scope" : "compile",
        "optional" : false
      }, {
        "groupId" : "com.wordnik",
        "artifactId" : "swagger-core_2.10",
        "version" : "1.3.0",
        "type" : "jar",
        "scope" : "compile",
        "optional" : false,
        "children" : [ {
          "groupId" : "commons-lang",
          "artifactId" : "commons-lang",
          "version" : "2.6",
          "type" : "bundle",
          "scope" : "compile",
          "optional" : false
        }, {
          "groupId" : "com.fasterxml.jackson.module",
          "artifactId" : "jackson-module-scala_2.10",
          "version" : "2.1.5",
          "type" : "jar",
          "scope" : "compile",
          "optional" : false,
          "children" : [ {
            "groupId" : "com.fasterxml.jackson.core",
            "artifactId" : "jackson-core",
            "version" : "2.3.3",
            "type" : "bundle",
            "scope" : "compile",
            "optional" : false
          }, {
            "groupId" : "com.fasterxml.jackson.core",
            "artifactId" : "jackson-databind",
            "version" : "2.3.3",
            "type" : "bundle",
            "scope" : "compile",
            "optional" : false
          }, {
            "groupId" : "com.thoughtworks.paranamer",
            "artifactId" : "paranamer",
            "version" : "2.3",
            "type" : "jar",
            "scope" : "compile",
            "optional" : false
          }, {
            "groupId" : "org.scala-lang",
            "artifactId" : "scala-reflect",
            "version" : "2.10.0",
            "type" : "bundle",
            "scope" : "compile",
            "optional" : false
          } ]
        }, {
          "groupId" : "com.fasterxml.jackson.core",
          "artifactId" : "jackson-annotations",
          "version" : "2.3.3",
          "type" : "bundle",
          "scope" : "compile",
          "optional" : false
        }, {
          "groupId" : "com.fasterxml.jackson.module",
          "artifactId" : "jackson-module-jsonSchema",
          "version" : "2.1.0",
          "type" : "jar",
          "scope" : "compile",
          "optional" : false
        }, {
          "groupId" : "com.fasterxml.jackson.jaxrs",
          "artifactId" : "jackson-jaxrs-json-provider",
          "version" : "2.3.3",
          "type" : "bundle",
          "scope" : "compile",
          "optional" : false,
          "children" : [ {
            "groupId" : "com.fasterxml.jackson.jaxrs",
            "artifactId" : "jackson-jaxrs-base",
            "version" : "2.3.3",
            "type" : "bundle",
            "scope" : "compile",
            "optional" : false
          }, {
            "groupId" : "com.fasterxml.jackson.module",
            "artifactId" : "jackson-module-jaxb-annotations",
            "version" : "2.3.3",
            "type" : "bundle",
            "scope" : "compile",
            "optional" : false
          } ]
        }, {
          "groupId" : "com.wordnik",
          "artifactId" : "swagger-annotations_2.10",
          "version" : "1.3.0",
          "type" : "jar",
          "scope" : "compile",
          "optional" : false
        }, {
          "groupId" : "org.json4s",
          "artifactId" : "json4s-ext_2.10",
          "version" : "3.2.4",
          "type" : "jar",
          "scope" : "compile",
          "optional" : false,
          "children" : [ {
            "groupId" : "joda-time",
            "artifactId" : "joda-time",
            "version" : "2.1",
            "type" : "bundle",
            "scope" : "compile",
            "optional" : false
          }, {
            "groupId" : "org.joda",
            "artifactId" : "joda-convert",
            "version" : "1.2",
            "type" : "bundle",
            "scope" : "compile",
            "optional" : false
          } ]
        }, {
          "groupId" : "org.json4s",
          "artifactId" : "json4s-native_2.10",
          "version" : "3.2.4",
          "type" : "jar",
          "scope" : "compile",
          "optional" : false,
          "children" : [ {
            "groupId" : "org.json4s",
            "artifactId" : "json4s-core_2.10",
            "version" : "3.2.4",
            "type" : "jar",
            "scope" : "compile",
            "optional" : false,
            "children" : [ {
              "groupId" : "org.json4s",
              "artifactId" : "json4s-ast_2.10",
              "version" : "3.2.4",
              "type" : "jar",
              "scope" : "compile",
              "optional" : false
            }, {
              "groupId" : "org.scala-lang",
              "artifactId" : "scalap",
              "version" : "2.10.0",
              "type" : "jar",
              "scope" : "compile",
              "optional" : false,
              "children" : [ {
                "groupId" : "org.scala-lang",
                "artifactId" : "scala-compiler",
                "version" : "2.10.0",
                "type" : "bundle",
                "scope" : "compile",
                "optional" : false
              } ]
            } ]
          } ]
        }, {
          "groupId" : "org.json4s",
          "artifactId" : "json4s-jackson_2.10",
          "version" : "3.2.4",
          "type" : "jar",
          "scope" : "compile",
          "optional" : false
        } ]
      }, {
        "groupId" : "javax.ws.rs",
        "artifactId" : "jsr311-api",
        "version" : "1.1.1",
        "type" : "bundle",
        "scope" : "compile",
        "optional" : false
      }, {
        "groupId" : "org.reflections",
        "artifactId" : "reflections",
        "version" : "0.9.8",
        "type" : "jar",
        "scope" : "compile",
        "optional" : false,
        "children" : [ {
          "groupId" : "com.google.guava",
          "artifactId" : "guava",
          "version" : "15.0",
          "type" : "bundle",
          "scope" : "compile",
          "optional" : false
        }, {
          "groupId" : "javassist",
          "artifactId" : "javassist",
          "version" : "3.12.1.GA",
          "type" : "jar",
          "scope" : "compile",
          "optional" : false
        }, {
          "groupId" : "dom4j",
          "artifactId" : "dom4j",
          "version" : "1.6.1",
          "type" : "jar",
          "scope" : "compile",
          "optional" : false,
          "children" : [ {
            "groupId" : "xml-apis",
            "artifactId" : "xml-apis",
            "version" : "1.0.b2",
            "type" : "jar",
            "scope" : "compile",
            "optional" : false
          } ]
        } ]
      } ]
    }, {
      "groupId" : "junit",
      "artifactId" : "junit",
      "version" : "4.11",
      "type" : "jar",
      "scope" : "compile",
      "optional" : false,
      "children" : [ {
        "groupId" : "org.hamcrest",
        "artifactId" : "hamcrest-core",
        "version" : "1.3",
        "type" : "jar",
        "scope" : "compile",
        "optional" : false
      } ]
    }, {
      "groupId" : "org.slf4j",
      "artifactId" : "slf4j-log4j12",
      "version" : "1.7.5",
      "type" : "bundle",
      "scope" : "compile",
      "optional" : false,
      "children" : [ {
        "groupId" : "log4j",
        "artifactId" : "log4j",
        "version" : "1.2.17",
        "type" : "bundle",
        "scope" : "compile",
        "optional" : false
      } ]
    } ]
  },
  "webContextPath" : "karaf-cxf-secure-rest"
}