{
  "profileId" : "quickstarts-karaf-camel.drools",
  "abstractProfile" : false,
  "description" : "Fabric8 the open source integration platform",
  "parentProfiles" : [ "feature-camel" ],
  "features" : [ "drools-module", "drools-decisiontable", "kie-spring", "kie-camel" ],
  "bundles" : [ "mvn:org.apache.servicemix.specs/org.apache.servicemix.specs.scripting-api-1.0/", "mvn:io.fabric8.examples/karaf-camel-drools/1.1.0.CR5" ],
  "featureRepositories" : [ "mvn:org.drools/drools-karaf-features/6.1.0.CR1/xml/features" ],
  "minimumInstances" : 1,
  "rootDependency" : {
    "groupId" : "io.fabric8.examples",
    "artifactId" : "karaf-camel-drools",
    "version" : "1.1.0.CR5",
    "type" : "bundle",
    "optional" : false,
    "children" : [ {
      "groupId" : "org.kie",
      "artifactId" : "kie-api",
      "version" : "6.1.0.CR1",
      "type" : "bundle",
      "scope" : "compile",
      "optional" : false
    }, {
      "groupId" : "org.kie",
      "artifactId" : "kie-internal",
      "version" : "6.1.0.CR1",
      "type" : "bundle",
      "scope" : "compile",
      "optional" : false
    }, {
      "groupId" : "org.drools",
      "artifactId" : "drools-core",
      "version" : "6.1.0.CR1",
      "type" : "bundle",
      "scope" : "compile",
      "optional" : false,
      "children" : [ {
        "groupId" : "org.mvel",
        "artifactId" : "mvel2",
        "version" : "2.1.9.Final",
        "type" : "bundle",
        "scope" : "compile",
        "optional" : false
      } ]
    }, {
      "groupId" : "org.drools",
      "artifactId" : "drools-compiler",
      "version" : "6.1.0.CR1",
      "type" : "bundle",
      "scope" : "compile",
      "optional" : false,
      "children" : [ {
        "groupId" : "org.antlr",
        "artifactId" : "antlr-runtime",
        "version" : "3.5",
        "type" : "jar",
        "scope" : "compile",
        "optional" : false
      }, {
        "groupId" : "org.eclipse.jdt.core.compiler",
        "artifactId" : "ecj",
        "version" : "4.3.1",
        "type" : "jar",
        "scope" : "compile",
        "optional" : false
      }, {
        "groupId" : "com.thoughtworks.xstream",
        "artifactId" : "xstream",
        "version" : "1.4.7",
        "type" : "bundle",
        "scope" : "compile",
        "optional" : false,
        "children" : [ {
          "groupId" : "xmlpull",
          "artifactId" : "xmlpull",
          "version" : "1.1.3.1",
          "type" : "jar",
          "scope" : "compile",
          "optional" : false
        }, {
          "groupId" : "xpp3",
          "artifactId" : "xpp3_min",
          "version" : "1.1.4c",
          "type" : "jar",
          "scope" : "compile",
          "optional" : false
        } ]
      }, {
        "groupId" : "com.google.protobuf",
        "artifactId" : "protobuf-java",
        "version" : "2.5.0",
        "type" : "bundle",
        "scope" : "compile",
        "optional" : false
      } ]
    }, {
      "groupId" : "org.drools",
      "artifactId" : "drools-decisiontables",
      "version" : "6.1.0.CR1",
      "type" : "bundle",
      "scope" : "compile",
      "optional" : false,
      "children" : [ {
        "groupId" : "org.drools",
        "artifactId" : "drools-templates",
        "version" : "6.1.0.CR1",
        "type" : "bundle",
        "scope" : "compile",
        "optional" : false
      } ]
    }, {
      "groupId" : "org.kie",
      "artifactId" : "kie-spring",
      "version" : "6.1.0.CR1",
      "type" : "bundle",
      "scope" : "compile",
      "optional" : false
    }, {
      "groupId" : "org.kie",
      "artifactId" : "kie-camel",
      "version" : "6.1.0.CR1",
      "type" : "bundle",
      "scope" : "compile",
      "optional" : false,
      "children" : [ {
        "groupId" : "org.jbpm",
        "artifactId" : "jbpm-flow-builder",
        "version" : "6.1.0.CR1",
        "type" : "bundle",
        "scope" : "compile",
        "optional" : false,
        "children" : [ {
          "groupId" : "org.jbpm",
          "artifactId" : "jbpm-flow",
          "version" : "6.1.0.CR1",
          "type" : "bundle",
          "scope" : "compile",
          "optional" : false,
          "children" : [ {
            "groupId" : "joda-time",
            "artifactId" : "joda-time",
            "version" : "1.6.2",
            "type" : "bundle",
            "scope" : "compile",
            "optional" : false
          } ]
        } ]
      }, {
        "groupId" : "org.apache.camel",
        "artifactId" : "camel-cxf",
        "version" : "2.13.2",
        "type" : "bundle",
        "scope" : "compile",
        "optional" : false,
        "children" : [ {
          "groupId" : "org.apache.camel",
          "artifactId" : "camel-cxf-transport",
          "version" : "2.13.2",
          "type" : "bundle",
          "scope" : "compile",
          "optional" : false
        }, {
          "groupId" : "org.apache.cxf",
          "artifactId" : "cxf-rt-frontend-jaxrs",
          "version" : "2.7.11",
          "type" : "bundle",
          "scope" : "compile",
          "optional" : false
        }, {
          "groupId" : "org.apache.cxf",
          "artifactId" : "cxf-rt-rs-security-oauth",
          "version" : "2.7.11",
          "type" : "bundle",
          "scope" : "compile",
          "optional" : false,
          "children" : [ {
            "groupId" : "net.oauth.core",
            "artifactId" : "oauth-provider",
            "version" : "20100527",
            "type" : "jar",
            "scope" : "compile",
            "optional" : false,
            "children" : [ {
              "groupId" : "net.oauth.core",
              "artifactId" : "oauth",
              "version" : "20100527",
              "type" : "jar",
              "scope" : "compile",
              "optional" : false
            } ]
          } ]
        }, {
          "groupId" : "org.apache.cxf",
          "artifactId" : "cxf-rt-features-clustering",
          "version" : "2.7.11",
          "type" : "bundle",
          "scope" : "compile",
          "optional" : false
        }, {
          "groupId" : "org.apache.cxf",
          "artifactId" : "cxf-rt-bindings-soap",
          "version" : "2.7.11",
          "type" : "bundle",
          "scope" : "compile",
          "optional" : false,
          "children" : [ {
            "groupId" : "org.apache.cxf",
            "artifactId" : "cxf-rt-databinding-jaxb",
            "version" : "2.7.11",
            "type" : "bundle",
            "scope" : "compile",
            "optional" : false
          } ]
        } ]
      }, {
        "groupId" : "org.apache.camel",
        "artifactId" : "camel-xstream",
        "version" : "2.13.2",
        "type" : "bundle",
        "scope" : "compile",
        "optional" : false,
        "children" : [ {
          "groupId" : "stax",
          "artifactId" : "stax-api",
          "version" : "1.0.1",
          "type" : "jar",
          "scope" : "compile",
          "optional" : false
        }, {
          "groupId" : "org.codehaus.jettison",
          "artifactId" : "jettison",
          "version" : "1.3.5",
          "type" : "bundle",
          "scope" : "compile",
          "optional" : false
        }, {
          "groupId" : "org.codehaus.woodstox",
          "artifactId" : "woodstox-core-asl",
          "version" : "4.2.1",
          "type" : "bundle",
          "scope" : "compile",
          "optional" : false
        } ]
      }, {
        "groupId" : "org.apache.camel",
        "artifactId" : "camel-jaxb",
        "version" : "2.13.2",
        "type" : "bundle",
        "scope" : "compile",
        "optional" : false
      }, {
        "groupId" : "org.apache.cxf",
        "artifactId" : "cxf-rt-frontend-jaxws",
        "version" : "2.7.11",
        "type" : "bundle",
        "scope" : "compile",
        "optional" : false,
        "children" : [ {
          "groupId" : "xml-resolver",
          "artifactId" : "xml-resolver",
          "version" : "1.2",
          "type" : "jar",
          "scope" : "compile",
          "optional" : false
        }, {
          "groupId" : "asm",
          "artifactId" : "asm",
          "version" : "3.3.1",
          "type" : "jar",
          "scope" : "compile",
          "optional" : false
        }, {
          "groupId" : "org.apache.cxf",
          "artifactId" : "cxf-api",
          "version" : "2.7.11",
          "type" : "bundle",
          "scope" : "compile",
          "optional" : false
        }, {
          "groupId" : "org.apache.cxf",
          "artifactId" : "cxf-rt-core",
          "version" : "2.7.11",
          "type" : "bundle",
          "scope" : "compile",
          "optional" : false
        }, {
          "groupId" : "org.apache.cxf",
          "artifactId" : "cxf-rt-bindings-xml",
          "version" : "2.7.11",
          "type" : "bundle",
          "scope" : "compile",
          "optional" : false
        }, {
          "groupId" : "org.apache.cxf",
          "artifactId" : "cxf-rt-frontend-simple",
          "version" : "2.7.11",
          "type" : "bundle",
          "scope" : "compile",
          "optional" : false
        }, {
          "groupId" : "org.apache.cxf",
          "artifactId" : "cxf-rt-transports-http",
          "version" : "2.7.11",
          "type" : "bundle",
          "scope" : "compile",
          "optional" : false
        }, {
          "groupId" : "org.apache.cxf",
          "artifactId" : "cxf-rt-ws-addr",
          "version" : "2.7.11",
          "type" : "bundle",
          "scope" : "compile",
          "optional" : false,
          "children" : [ {
            "groupId" : "org.apache.cxf",
            "artifactId" : "cxf-rt-ws-policy",
            "version" : "2.7.11",
            "type" : "bundle",
            "scope" : "compile",
            "optional" : false,
            "children" : [ {
              "groupId" : "org.apache.neethi",
              "artifactId" : "neethi",
              "version" : "3.0.3",
              "type" : "bundle",
              "scope" : "compile",
              "optional" : false
            } ]
          } ]
        } ]
      }, {
        "groupId" : "org.apache.cxf",
        "artifactId" : "cxf-bundle-jaxrs",
        "version" : "2.7.11",
        "type" : "bundle",
        "scope" : "compile",
        "optional" : false,
        "children" : [ {
          "groupId" : "org.codehaus.woodstox",
          "artifactId" : "stax2-api",
          "version" : "3.1.4",
          "type" : "bundle",
          "scope" : "compile",
          "optional" : false
        }, {
          "groupId" : "org.apache.ws.xmlschema",
          "artifactId" : "xmlschema-core",
          "version" : "2.1.0",
          "type" : "bundle",
          "scope" : "compile",
          "optional" : false
        }, {
          "groupId" : "org.apache.geronimo.specs",
          "artifactId" : "geronimo-javamail_1.4_spec",
          "version" : "1.7.1",
          "type" : "bundle",
          "scope" : "compile",
          "optional" : false
        }, {
          "groupId" : "wsdl4j",
          "artifactId" : "wsdl4j",
          "version" : "1.6.3",
          "type" : "jar",
          "scope" : "compile",
          "optional" : false
        }, {
          "groupId" : "org.eclipse.jetty",
          "artifactId" : "jetty-server",
          "version" : "8.1.14.v20131031",
          "type" : "bundle",
          "scope" : "compile",
          "optional" : false
        }, {
          "groupId" : "org.eclipse.jetty",
          "artifactId" : "jetty-continuation",
          "version" : "8.1.14.v20131031",
          "type" : "bundle",
          "scope" : "compile",
          "optional" : false
        }, {
          "groupId" : "org.eclipse.jetty",
          "artifactId" : "jetty-http",
          "version" : "8.1.14.v20131031",
          "type" : "bundle",
          "scope" : "compile",
          "optional" : false
        }, {
          "groupId" : "org.eclipse.jetty",
          "artifactId" : "jetty-io",
          "version" : "8.1.14.v20131031",
          "type" : "bundle",
          "scope" : "compile",
          "optional" : false
        }, {
          "groupId" : "org.eclipse.jetty",
          "artifactId" : "jetty-util",
          "version" : "8.1.14.v20131031",
          "type" : "bundle",
          "scope" : "compile",
          "optional" : false
        }, {
          "groupId" : "org.eclipse.jetty",
          "artifactId" : "jetty-security",
          "version" : "8.1.14.v20131031",
          "type" : "bundle",
          "scope" : "compile",
          "optional" : false
        }, {
          "groupId" : "org.apache.geronimo.specs",
          "artifactId" : "geronimo-servlet_3.0_spec",
          "version" : "1.0",
          "type" : "bundle",
          "scope" : "compile",
          "optional" : false
        }, {
          "groupId" : "javax.ws.rs",
          "artifactId" : "javax.ws.rs-api",
          "version" : "2.0-m10",
          "type" : "bundle",
          "scope" : "compile",
          "optional" : false
        } ]
      } ]
    }, {
      "groupId" : "org.drools",
      "artifactId" : "drools-osgi-integration",
      "version" : "6.1.0.CR1",
      "type" : "bundle",
      "scope" : "compile",
      "optional" : false,
      "children" : [ {
        "groupId" : "org.osgi",
        "artifactId" : "org.osgi.core",
        "version" : "5.0.0",
        "type" : "bundle",
        "scope" : "compile",
        "optional" : false
      }, {
        "groupId" : "org.springframework.osgi",
        "artifactId" : "spring-osgi-core",
        "version" : "1.2.1",
        "type" : "bundle",
        "scope" : "compile",
        "optional" : false,
        "children" : [ {
          "groupId" : "org.springframework.osgi",
          "artifactId" : "spring-osgi-io",
          "version" : "1.2.1",
          "type" : "bundle",
          "scope" : "compile",
          "optional" : false
        }, {
          "groupId" : "org.springframework",
          "artifactId" : "org.springframework.aop",
          "version" : "2.5.6.SEC01",
          "type" : "bundle",
          "scope" : "compile",
          "optional" : false,
          "children" : [ {
            "groupId" : "org.aopalliance",
            "artifactId" : "com.springsource.org.aopalliance",
            "version" : "1.0.0",
            "type" : "bundle",
            "scope" : "compile",
            "optional" : false
          } ]
        } ]
      } ]
    }, {
      "groupId" : "org.apache.poi",
      "artifactId" : "poi-ooxml",
      "version" : "3.9",
      "type" : "jar",
      "scope" : "compile",
      "optional" : false,
      "children" : [ {
        "groupId" : "org.apache.poi",
        "artifactId" : "poi",
        "version" : "3.9",
        "type" : "jar",
        "scope" : "compile",
        "optional" : false,
        "children" : [ {
          "groupId" : "commons-codec",
          "artifactId" : "commons-codec",
          "version" : "1.6",
          "type" : "bundle",
          "scope" : "compile",
          "optional" : false
        } ]
      }, {
        "groupId" : "org.apache.poi",
        "artifactId" : "poi-ooxml-schemas",
        "version" : "3.9",
        "type" : "jar",
        "scope" : "compile",
        "optional" : false,
        "children" : [ {
          "groupId" : "org.apache.xmlbeans",
          "artifactId" : "xmlbeans",
          "version" : "2.3.0",
          "type" : "jar",
          "scope" : "compile",
          "optional" : false
        } ]
      }, {
        "groupId" : "dom4j",
        "artifactId" : "dom4j",
        "version" : "1.6.1",
        "type" : "jar",
        "scope" : "compile",
        "optional" : false,
        "children" : [ {
          "groupId" : "xml-apis",
          "artifactId" : "xml-apis",
          "version" : "1.0.b2",
          "type" : "jar",
          "scope" : "compile",
          "optional" : false
        } ]
      } ]
    }, {
      "groupId" : "org.springframework",
      "artifactId" : "spring-core",
      "version" : "3.2.9.RELEASE",
      "type" : "jar",
      "scope" : "compile",
      "optional" : false,
      "children" : [ {
        "groupId" : "commons-logging",
        "artifactId" : "commons-logging",
        "version" : "1.1.3",
        "type" : "bundle",
        "scope" : "compile",
        "optional" : false
      } ]
    }, {
      "groupId" : "org.springframework",
      "artifactId" : "spring-beans",
      "version" : "3.2.9.RELEASE",
      "type" : "jar",
      "scope" : "compile",
      "optional" : false
    }, {
      "groupId" : "org.springframework",
      "artifactId" : "spring-context",
      "version" : "3.2.9.RELEASE",
      "type" : "jar",
      "scope" : "compile",
      "optional" : false,
      "children" : [ {
        "groupId" : "org.springframework",
        "artifactId" : "spring-aop",
        "version" : "3.2.9.RELEASE",
        "type" : "jar",
        "scope" : "compile",
        "optional" : false,
        "children" : [ {
          "groupId" : "aopalliance",
          "artifactId" : "aopalliance",
          "version" : "1.0",
          "type" : "jar",
          "scope" : "compile",
          "optional" : false
        } ]
      }, {
        "groupId" : "org.springframework",
        "artifactId" : "spring-expression",
        "version" : "3.2.9.RELEASE",
        "type" : "jar",
        "scope" : "compile",
        "optional" : false
      } ]
    }, {
      "groupId" : "org.springframework",
      "artifactId" : "spring-web",
      "version" : "3.2.9.RELEASE",
      "type" : "jar",
      "scope" : "compile",
      "optional" : false
    }, {
      "groupId" : "org.apache.camel",
      "artifactId" : "camel-core",
      "version" : "2.13.2",
      "type" : "bundle",
      "scope" : "compile",
      "optional" : false,
      "children" : [ {
        "groupId" : "com.sun.xml.bind",
        "artifactId" : "jaxb-impl",
        "version" : "2.2.6",
        "type" : "jar",
        "scope" : "compile",
        "optional" : false
      } ]
    }, {
      "groupId" : "org.apache.camel",
      "artifactId" : "camel-spring",
      "version" : "2.13.2",
      "type" : "bundle",
      "scope" : "compile",
      "optional" : false,
      "children" : [ {
        "groupId" : "org.springframework",
        "artifactId" : "spring-tx",
        "version" : "3.2.9.RELEASE",
        "type" : "jar",
        "scope" : "compile",
        "optional" : false
      } ]
    }, {
      "groupId" : "org.slf4j",
      "artifactId" : "slf4j-api",
      "version" : "1.7.2",
      "type" : "bundle",
      "scope" : "compile",
      "optional" : false
    }, {
      "groupId" : "ch.qos.logback",
      "artifactId" : "logback-classic",
      "version" : "1.0.9",
      "type" : "bundle",
      "scope" : "compile",
      "optional" : false,
      "children" : [ {
        "groupId" : "ch.qos.logback",
        "artifactId" : "logback-core",
        "version" : "1.0.9",
        "type" : "bundle",
        "scope" : "compile",
        "optional" : false
      } ]
    } ]
  },
  "webContextPath" : "karaf-camel-drools"
}